codigNomeMateria;codigoTurma;ano;semestre;professor;cargahoraria;horario;vagasOfertadas;vagasOcupadas;local;salaSeparada;predio;lotacao;horarioSeparado;percDisciplina;percOcupacaoReal;percOcupacaoTotal
CIC0002 - FUNDAMENTOS TEÓRICOS DA COMPUTAÇÃO; 01;2022;2;PEDRO DE AZEVEDO BERGER;60h;35N12;50;36;PAT AT 044
CIC0002 - FUNDAMENTOS TEÓRICOS DA COMPUTAÇÃO; 02;2022;2;JORGE CARLOS LUCERO;60h;35M12;50;42;PAT AT 044
CIC0002 - FUNDAMENTOS TEÓRICOS DA COMPUTAÇÃO; 03;2022;2;THIAGO DE PAULO FALEIROS;60h;24N34;50;43;PAT AT 029
CIC0003 - INTRODUÇÃO AOS SISTEMAS COMPUTACIONAIS; 01;2022;2;MARCUS VINICIUS LAMAR;60h;35T23;41;35;PJC BT 060
CIC0004 - ALGORITMOS E PROGRAMAÇÃO DE COMPUTADORES; 01;2022;2;LUIS PAULO FAINA GARCIA;90h;235M12;43;36;PJC BT 108
CIC0004 - ALGORITMOS E PROGRAMAÇÃO DE COMPUTADORES; 02;2022;2;GUILHERME NOVAES RAMOS;90h;3M12 56M34;46;30;PJC BT 148
CIC0004 - ALGORITMOS E PROGRAMAÇÃO DE COMPUTADORES; 03;2022;2;CARLA DENISE CASTANHO;60h;235T45;44;33;PJC BT 085
CIC0004 - ALGORITMOS E PROGRAMAÇÃO DE COMPUTADORES; 03;2022;2;FRANK NED SANTA CRUZ DE OLIVEIRA;30h;235T45;44;33;PJC BT 085
CIC0004 - ALGORITMOS E PROGRAMAÇÃO DE COMPUTADORES; 04;2022;2;VINICIUS RUELA PEREIRA BORGES;60h;246T23;43;34;PJC BT 021
CIC0004 - ALGORITMOS E PROGRAMAÇÃO DE COMPUTADORES; 04;2022;2;ALINE BARROS DE SOUSA;30h;246T23;43;34;PJC BT 021
CIC0004 - ALGORITMOS E PROGRAMAÇÃO DE COMPUTADORES; 05;2022;2;LUCAS RODRIGUES COSTA;90h;2M34 4M1234;40;37;PJC BT 092
CIC0004 - ALGORITMOS E PROGRAMAÇÃO DE COMPUTADORES; 06;2022;2;ALINE BARROS DE SOUSA;60h;256N12;40;35;PJC BT 108
CIC0004 - ALGORITMOS E PROGRAMAÇÃO DE COMPUTADORES; 06;2022;2;EDISON ISHIKAWA;30h;256N12;40;35;PJC BT 108
CIC0004 - ALGORITMOS E PROGRAMAÇÃO DE COMPUTADORES; 07;2022;2;ALINE BARROS DE SOUSA;30h;345N12;57;51;PJC BT 076
CIC0004 - ALGORITMOS E PROGRAMAÇÃO DE COMPUTADORES; 07;2022;2;LUCAS RODRIGUES COSTA;30h;345N12;57;51;PJC BT 076
CIC0004 - ALGORITMOS E PROGRAMAÇÃO DE COMPUTADORES; 07;2022;2;EDISON ISHIKAWA;30h;345N12;57;51;PJC BT 076
CIC0005 - FORMAÇÃO DOCENTE EM COMPUTAÇÃO; 01;2022;2;MARIA DE FATIMA RAMOS BRANDAO;60h;35N34;65;55;PAT AT 036
CIC0007 - INTRODUÇÃO À CIÊNCIA DA COMPUTAÇÃO; 01;2022;2;CAMILO CHANG DOREA;60h;3T23 6T45;26;20;BSA N A1 19/41
CIC0007 - INTRODUÇÃO À CIÊNCIA DA COMPUTAÇÃO; 02;2022;2;CAMILO CHANG DOREA;60h;46T45;25;22;6T45(BSA N AT 09/41) 4T45(BSA N A1 19/41)
CIC0007 - INTRODUÇÃO À CIÊNCIA DA COMPUTAÇÃO; 03;2022;2;ROBERTA BARBOSA OLIVEIRA;60h;3N12 4N34;25;24;3N12(BSA N A1 07/08) 4N34(BSA N A1 19/41)
CIC0007 - INTRODUÇÃO À CIÊNCIA DA COMPUTAÇÃO; 04;2022;2;CAMILO CHANG DOREA;60h;3T23 6T45;30;16;Auditório do Prédio CIC/EST
CIC0007 - INTRODUÇÃO À CIÊNCIA DA COMPUTAÇÃO; 05;2022;2;CAMILO CHANG DOREA;60h;35T23;25;21;Auditório do Prédio CIC/EST
CIC0007 - INTRODUÇÃO À CIÊNCIA DA COMPUTAÇÃO; 06;2022;2;CAMILO CHANG DOREA;60h;4T45 5T23;30;26;Auditório do Prédio CIC/EST
CIC0007 - INTRODUÇÃO À CIÊNCIA DA COMPUTAÇÃO; 07;2022;2;ROBERTA BARBOSA OLIVEIRA;60h;3N12 4N34;25;10;Auditório do Prédio CIC/EST
CIC0007 - INTRODUÇÃO À CIÊNCIA DA COMPUTAÇÃO; 08;2022;2;ROBERTA BARBOSA OLIVEIRA;60h;3N12 4N34;25;18;Auditório do Prédio CIC/EST
CIC0007 - INTRODUÇÃO À CIÊNCIA DA COMPUTAÇÃO; 09;2022;2;CAMILO CHANG DOREA;60h;4T45 5T23;30;24;Auditório do Prédio CIC/EST
CIC0007 - INTRODUÇÃO À CIÊNCIA DA COMPUTAÇÃO; 10;2022;2;ROBERTA BARBOSA OLIVEIRA;60h;3N12 4N34;30;25;Auditório do Prédio CIC/EST
CIC0007 - INTRODUÇÃO À CIÊNCIA DA COMPUTAÇÃO; 11;2022;2;CAMILO CHANG DOREA;60h;35T23;31;30;Auditório do Prédio CIC/EST
CIC0007 - INTRODUÇÃO À CIÊNCIA DA COMPUTAÇÃO; 12;2022;2;CAMILO CHANG DOREA;60h;46T45;25;9;Auditório do Prédio CIC/EST
CIC0087 - TOPICOS AVANCADOS EM COMPUTADORES; 03;2022;2;MARCUS VINICIUS LAMAR;60h;24T45;24;9;PJC BT 108
CIC0087 - TOPICOS AVANCADOS EM COMPUTADORES; 04;2022;2;EDNA DIAS CANEDO;60h;35T23;50;21;PJC BT 116
CIC0087 - TOPICOS AVANCADOS EM COMPUTADORES; 05;2022;2;EDISON ISHIKAWA;60h;35N12;20;19;PJC BT 147
CIC0087 - TOPICOS AVANCADOS EM COMPUTADORES; 06;2022;2;ALETEIA PATRICIA FAVACHO DE ARAUJO VON PAUMGARTTEN;60h;24M34;20;17;PJC BT 133
CIC0090 - ESTRUTURAS DE DADOS; 01;2022;2;LUIS PAULO FAINA GARCIA;60h;35M34;50;47;PJC BT 133
CIC0090 - ESTRUTURAS DE DADOS; 02;2022;2;GUILHERME NOVAES RAMOS;60h;24T45;50;43;PJC BT 108
CIC0090 - ESTRUTURAS DE DADOS; 03;2022;2;MARCOS FAGUNDES CAETANO;60h;35M34;50;48;PJC BT 147
CIC0090 - ESTRUTURAS DE DADOS; 04;2022;2;GERALDO PEREIRA ROCHA FILHO;60h;46N12;51;41;PJC BT 069
CIC0090 - ESTRUTURAS DE DADOS; 05;2022;2;EDUARDO ADILIO PELINSON ALCHIERI;60h;46M34;50;43;PJC BT 069
CIC0093 - LINGUAGENS DE PROGRAMACAO; 01;2022;2;MARCELO LADEIRA;60h;24M12;50;25;PAT AT 037
CIC0093 - LINGUAGENS DE PROGRAMACAO; 02;2022;2;VANDER RAMOS ALVES;60h;46N12;50;41;PAT AT 045
CIC0095 - TEORIA DA COMPUTACAO; 01;2022;2;THIAGO DE PAULO FALEIROS;60h;35N12;50;11;PJC BT 132
CIC0097 - BANCOS DE DADOS; 01;2022;2;EDNA DIAS CANEDO;60h;35T45;50;41;PAT AT 028
CIC0097 - BANCOS DE DADOS; 02;2022;2;EDUARDO CONDE PIRES;60h;35N12;50;30;PAT AT 037
CIC0099 - ORGANIZAÇÃO E ARQUITETURA DE COMPUTADORES; 01;2022;2;FLAVIO DE BARROS VIDAL;60h;35M12;35;27;PJC BT 124
CIC0099 - ORGANIZAÇÃO E ARQUITETURA DE COMPUTADORES; 02;2022;2;RICARDO PEZZUOL JACOBI;60h;35T23;40;33;PJC BT 132
CIC0099 - ORGANIZAÇÃO E ARQUITETURA DE COMPUTADORES; 03;2022;2;MARCUS VINICIUS LAMAR;60h;24T23;35;34;PJC BT 044
CIC0101 - SISTEMAS DE INFORMACAO; 01;2022;2;FERNANDA LIMA;60h;35T23;50;28;PAT AT 029
CIC0101 - SISTEMAS DE INFORMACAO; 02;2022;2;FERNANDA LIMA;60h;24N34;50;21;PAT AT 036
CIC0104 - SOFTWARE BASICO; 01;2022;2;MARCELO LADEIRA;60h;24M34;50;13;PAT AT 044
CIC0104 - SOFTWARE BASICO; 02;2022;2;BRUNO LUIGGI MACCHIAVELLO ESPINOZA;60h;46M34;50;46;PAT AT 045
CIC0105 - ENGENHARIA DE SOFTWARE; 01;2022;2;FERNANDO ANTONIO DE ARAUJO CHACON DE ALBUQUERQUE;60h;24N12;40;38;PAT AT 100
CIC0105 - ENGENHARIA DE SOFTWARE; 02;2022;2;GENAINA NUNES RODRIGUES;60h;35M12;50;34;PAT AT 037
CIC0108 - SISTEMAS OPERACIONAIS; 01;2022;2;ALBA CRISTINA MAGALHAES ALVES DE MELO;90h;246M12;40;22;2M12(PJC BT 092) 46M12(PJC BT 108)
CIC0121 - ARQUITETURAS AVANCADAS; 01;2022;2;RICARDO PEZZUOL JACOBI;60h;35M34;20;7;3M34(PAT AT 108) 5M34(PJC BT 140)
CIC0124 - REDES DE COMPUTADORES; 01;2022;2;PRISCILA AMERICA SOLIS MENDEZ BARRETO;60h;24T23;50;30;PAT AT 037
CIC0124 - REDES DE COMPUTADORES; 02;2022;2;LUCAS RODRIGUES COSTA;60h;35N34;50;24;PAT AT 037
CIC0124 - REDES DE COMPUTADORES; 03;2022;2;MARCOS FAGUNDES CAETANO;60h;35M12;50;38;PAT AT 045
CIC0130 - INTRODUÇÃO AOS SISTEMAS EMBARCADOS; 01;2022;2;PEDRO DE AZEVEDO BERGER;60h;35N34;20;20;PJC BT 069
CIC0133 - PROGRAMACAO FUNCIONAL; 01;2022;2;VANDER RAMOS ALVES;60h;24M34;21;17;PJC BT 147
CIC0135 - INTRODUCAO A INTELIGENCIA ARTIFICIAL; 01;2022;2;LI WEIGANG;60h;24T23;50;47;PJC BT 036
CIC0142 - INFORMATICA E SOCIEDADE; 01;2022;2;JORGE HENRIQUE CABRAL FERNANDES;30h;4N12;17;16;PJC BT 108
CIC0142 - INFORMATICA E SOCIEDADE; 02;2022;2;JORGE HENRIQUE CABRAL FERNANDES;30h;6M34;50;36;PJC BT 021
CIC0143 - ESTUDOS EM SISTEMAS DE INFORMACAO; 01;2022;2;VINICIUS RUELA PEREIRA BORGES;60h;6N1234;2;2;LINF02
CIC0152 - INTRODUCAO A MICROINFORMATICA; 01;2022;2;ALINE BARROS DE SOUSA;60h;35M5 35T1;50;40;PJC BT 012
CIC0155 - TEORIA E PRATICA PEDAGOGICA EM INFORMATICA 1; 01;2022;2;MARIA DE FATIMA RAMOS BRANDAO;90h;2M5 2T1 4N34 6N12;40;6;PAT AT 100
CIC0156 - TEORIA E PRATICA PEDAGOGICA EM INFORMATICA 2; 01;2022;2;LETICIA LOPES LEITE;60h;24M5 24T1 6N12;40;0;PAT AT 053
CIC0156 - TEORIA E PRATICA PEDAGOGICA EM INFORMATICA 2; 01;2022;2;MARIA DE FATIMA RAMOS BRANDAO;30h;24M5 24T1 6N12;40;0;PAT AT 053
CIC0157 - PROJETO DE LICENCIATURA; 01;2022;2;JAN MENDONCA CORREA;150h;2M12 3M12 4M12 5M12 6M12;5;0;Local à definir.
CIC0158 - INFORMATICA APLICADA A EDUCACAO; 01;2022;2;GERMANA MENEZES DA NOBREGA;60h;24N12;50;29;PAT AT 044
CIC0161 - AUTÔMATOS E COMPUTABILIDADE; 01;2022;2;JORGE CARLOS LUCERO;90h;245T45;50;32;PAT AT 029
CIC0169 - PROGRAMAÇÃO COMPETITIVA; 01;2022;2;VINICIUS RUELA PEREIRA BORGES;60h;24T45;30;29;PJC BT 116
CIC0176 - INTRODUCAO AO PROCESSAMENTO DE IMAGENS; 01;2022;2;BRUNO LUIGGI MACCHIAVELLO ESPINOZA;60h;24T45;40;30;PJC BT 101
CIC0177 - ARQUITETURA DE PROCESSADORES DIGITAIS; 01;2022;2;WILSON HENRIQUE VENEZIANO;60h;35N12;30;19;PJC BT 101
CIC0182 - LÓGICA COMPUTACIONAL 1; 01;2022;2;MAURICIO AYALA RINCON;60h;24T45;45;10;PJC BT 076
CIC0182 - LÓGICA COMPUTACIONAL 1; 02;2022;2;FLAVIO LEONARDO CAVALCANTI DE MOURA;60h;24N12;40;27;PJC BT 116
CIC0188 - INTRODUÇÃO À ENGENHARIA DE COMPUTAÇÃO; 01;2022;2;JOAO JOSE COSTA GONDIM;30h;6M34;60;52;ICC BT 006
CIC0189 - PROJETO E ANÁLISE DE ALGORITMOS; 01;2022;2;JAN MENDONCA CORREA;60h;24T23;50;46;PAT AT 036
CIC0189 - PROJETO E ANÁLISE DE ALGORITMOS; 02;2022;2;FLAVIO LEONARDO CAVALCANTI DE MOURA;60h;35N12;50;30;PAT AT 045
CIC0191 - INTRODUÇÃO AO DESENVOLVIMENTO DE JOGOS; 01;2022;2;CARLA DENISE CASTANHO;60h;46T23;30;18;ICC ANF.14
CIC0193 - FUNDAMENTOS DE SISTEMAS INTELIGENTES; 01;2022;2;DIBIO LEANDRO BORGES;60h;35T23;40;16;BSA N AT 29/41
CIC0196 - PROCESSAMENTO DE SINAIS MULTIMÍDIA; 01;2022;2;RICARDO LOPES DE QUEIROZ;60h;35T23;20;3;PAT AT 125
CIC0197 - TECNICAS DE PROGRAMAÇÃO 1; 01;2022;2;FERNANDO ANTONIO DE ARAUJO CHACON DE ALBUQUERQUE;60h;35M34;40;29;PAT AT 085
CIC0197 - TECNICAS DE PROGRAMAÇÃO 1; 02;2022;2;ROBERTA BARBOSA OLIVEIRA;60h;35M34;50;42;PAT AT 045
CIC0197 - TECNICAS DE PROGRAMAÇÃO 1; 03;2022;2;FERNANDO ANTONIO DE ARAUJO CHACON DE ALBUQUERQUE;60h;35N34;40;12;PAT AT 045
CIC0198 - TECNICAS DE PROGRAMAÇÃO 2; 01;2022;2;RODRIGO BONIFACIO DE ALMEIDA;60h;35M12;50;35;PAT AT 052
CIC0199 - TEORIA E APLICAÇÃO DE GRAFOS; 01;2022;2;DIBIO LEANDRO BORGES;60h;35M34;40;33;PAT AT 156
CIC0200 - METODOLOGIA CIENTÍFICA; 01;2022;2;RICARDO LOPES DE QUEIROZ;30h;6M34;40;37;PAT AT 061
CIC0201 - SEGURANÇA COMPUTACIONAL; 01;2022;2;JOAO JOSE COSTA GONDIM;60h;24M34;50;29;PAT AT 037
CIC0201 - SEGURANÇA COMPUTACIONAL; 02;2022;2;JOAO JOSE COSTA GONDIM;60h;24N12;50;25;PAT AT 052
CIC0202 - PROGRAMAÇÃO CONCORRENTE; 01;2022;2;EDUARDO ADILIO PELINSON ALCHIERI;60h;35M34;35;30;LINF 5
CIC0203 - COMPUTAÇÃO EXPERIMENTAL; 01;2022;2;JORGE HENRIQUE CABRAL FERNANDES;60h;46T23;50;25;PAT AT 029
CIC0204 - COMPILADORES; 01;2022;2;GERMANA MENEZES DA NOBREGA;60h;24T45;40;24;PJC BT 068
CIC0205 - FUNDAMENTOS DE SISTEMAS OPERACIONAIS; 01;2022;2;ALETEIA PATRICIA FAVACHO DE ARAUJO VON PAUMGARTTEN;60h;24M12;40;29;PJC BT 077
CIC0206 - MÉTODOS DE PESQUISA NA LICENCIATURA EM COMPUTAÇÃO; 01;2022;2;LIVIA SANTOS BRISOLLA;30h;2N34;35;31;PJC BT 069
CIC0207 - PROJETO INTERDISCIPLINAR DE LICENCIATURA EM COMPUTAÇÃO; 01;2022;2;LETICIA LOPES LEITE;60h;7M12 6N12;50;17;PAT AT 029
CIC0208 - PRODUÇÃO DE MATERIAL DIDÁTICO; 01;2022;2;LIVIA SANTOS BRISOLLA;75h;35M5 3T1 5T12;50;18;PJC BT 020
CIC0209 - SUPERVISÃO DE PRODUÇÃO DE MATERIAL DIDÁTICO; 01;2022;2;LIVIA SANTOS BRISOLLA;30h;2N12;50;18;PJC BT 076
CIC0212 - SUPERVISÃO DE PRÁTICA PEDAGÓGICA EM COMPUTAÇÃO 1; 01;2022;2;MARIA DE FATIMA RAMOS BRANDAO;30h;6N123;50;10;PAT AT 037
CIC0213 - SUPERVISÃO DE PRÁTICA PEDAGÓGICA EM COMPUTAÇÃO 2; 01;2022;2;LIVIA SANTOS BRISOLLA;30h;6N12;50;16;PAT AT 036
CIC0218 - SUPERVISÃO DE ESTÁGIO EM LICENCIATURA EM COMPUTAÇÃO 1; 02;2022;2;LIVIA SANTOS BRISOLLA;30h;6N34;40;6;PAT AT
CIC0225 - INTRODUÇÃO A SISTEMAS OPERACIONAIS; 01;2022;2;EDISON ISHIKAWA;60h;24N34;50;22;PJC BT 077
CIC0226 - DESENVOLVIMENTO DE APLICATIVOS; 01;2022;2;WILSON HENRIQUE VENEZIANO;60h;35N34;21;16;PAT AT 117
CIC0227 - PRÁTICAS EM COMPUTAÇÃO; 01;2022;2;VINICIUS RUELA PEREIRA BORGES;60h;35T45;8;7;A definir
CIC0229 - CIRCUITOS LÓGICOS; 01;2022;2;CARLA MARIA CHAGAS E CAVALCANTE KOIKE;60h;24M34;45;44;PJC BT 093
CIC0229 - CIRCUITOS LÓGICOS; 02;2022;2;MARCELO GRANDI MANDELLI;60h;24M34;46;45;PJC BT 100
CIC0231 - LABORATÓRIO DE CIRCUITOS LÓGICOS; 01;2022;2;CARLA MARIA CHAGAS E CAVALCANTE KOIKE;30h;6M12;25;20;LINF 05
CIC0231 - LABORATÓRIO DE CIRCUITOS LÓGICOS; 02;2022;2;MARCELO GRANDI MANDELLI;30h;5T45;25;20;LINF 05
CIC0231 - LABORATÓRIO DE CIRCUITOS LÓGICOS; 03;2022;2;CARLA MARIA CHAGAS E CAVALCANTE KOIKE;30h;6M34;26;25;LINF 05
CIC0231 - LABORATÓRIO DE CIRCUITOS LÓGICOS; 04;2022;2;MARCELO GRANDI MANDELLI;30h;6T23;25;21;LINF 05
CIC0234 - MÉTODOS DE PROGRAMAÇÃO; 01;2022;2;JAN MENDONCA CORREA;60h;24T45;50;42;PAT AT 036
CIC0235 - TELEINFORMÁTICA E REDES 1; 01;2022;2;MARCELO ANTONIO MAROTTA;60h;24M12;50;29;PAT AT 044
CIC0236 - TELEINFORMÁTICA E REDES 2; 01;2022;2;PRISCILA AMERICA SOLIS MENDEZ BARRETO;60h;24T45;50;40;PAT AT 037
CIC0247 - INTRODUÇÃO AO AMBIENTE UNIVERSITÁRIO NA COMPUTAÇÃO; 01;2022;2;JORGE HENRIQUE CABRAL FERNANDES;15h;5T6;76;67;ICC ANF.13
CIC0247 - INTRODUÇÃO AO AMBIENTE UNIVERSITÁRIO NA COMPUTAÇÃO; 01;2022;2;MARCELO GRANDI MANDELLI;15h;5T6;76;67;ICC ANF.13
CIC0248 - SISTEMAS DE TEMPO REAL; 01;2022;2;FLAVIO DE BARROS VIDAL;60h;46M12;45;30;PJC BT 028
CIC0256 - PRÁTICA EXTENSIONISTA EM COMPUTAÇÃO A; 01;2022;2;MARCELO ANTONIO MAROTTA;60h;24M34;20;19;PJC BT 108
CIC0258 - TÓPICOS ESPECIAIS EM PROGRAMAÇÃO COMPETITIVA; 01;2022;2;VINICIUS RUELA PEREIRA BORGES;60h;6M34 6T23;20;12;PJC BT 085
IFD0004 - FÍSICA ZERO; 02;2022;2;BERNARDO DE ASSUNCAO MELLO;30h;3M5 3T1;40;19;ICC B1 244
IFD0004 - FÍSICA ZERO; 03;2022;2;BERNARDO DE ASSUNCAO MELLO;30h;23T6;40;13;ICC B1 244
IFD0005 - FÍSICA TEÓRICA PARA CIÊNCIAS AGRÁRIAS; 01;2022;2;HELENA DE SOUZA BRAGANCA ROCHA;60h;35T45;80;29;ICC BT 648
IFD0005 - FÍSICA TEÓRICA PARA CIÊNCIAS AGRÁRIAS; 02;2022;2;HELENA DE SOUZA BRAGANCA ROCHA;60h;35T23;50;44;ICC BT 648
IFD0005 - FÍSICA TEÓRICA PARA CIÊNCIAS AGRÁRIAS; 03;2022;2;NATALIA DE MELO ALVARENGA;60h;35T23;55;35;ICC BT 504
IFD0005 - FÍSICA TEÓRICA PARA CIÊNCIAS AGRÁRIAS; 04;2022;2;ADRIANA PEREIRA IBALDO;60h;35N12;50;18;ICC BT 504
IFD0006 - FÍSICA EXPERIMENTAL PARA CIÊNCIAS AGRÁRIAS; 01;2022;2;ALESSANDRA FERREIRA ALBERNAZ;15h;2T23;44;33;LAB FIS 1A - IF
IFD0006 - FÍSICA EXPERIMENTAL PARA CIÊNCIAS AGRÁRIAS; 01;2022;2;WALESKA PRISCYLLA FLORENCIO DE MEDEIROS;15h;2T23;44;33;LAB FIS 1A - IF
IFD0006 - FÍSICA EXPERIMENTAL PARA CIÊNCIAS AGRÁRIAS; 02;2022;2;WALESKA PRISCYLLA FLORENCIO DE MEDEIROS;30h;2M12;50;22;LAB FIS 1A - IF
IFD0006 - FÍSICA EXPERIMENTAL PARA CIÊNCIAS AGRÁRIAS; 03;2022;2;ALESSANDRA FERREIRA ALBERNAZ;30h;3T45;32;25;LAB FIS 1A - IF
IFD0006 - FÍSICA EXPERIMENTAL PARA CIÊNCIAS AGRÁRIAS; 04;2022;2;WALESKA PRISCYLLA FLORENCIO DE MEDEIROS;15h;2T23;40;24;LAB FIS 1B -IF
IFD0006 - FÍSICA EXPERIMENTAL PARA CIÊNCIAS AGRÁRIAS; 04;2022;2;ALESSANDRA FERREIRA ALBERNAZ;15h;2T23;40;24;LAB FIS 1B -IF
IFD0010 - MÉTODOS DA FÍSICA EXPERIMENTAL; 01;2022;2;NADIA MARIA DE LIZ KOCHE;60h;4T2345;34;18;Módulo 09 ICC CSS216 - LAB MECÂNICA
IFD0010 - MÉTODOS DA FÍSICA EXPERIMENTAL; 02;2022;2;LUIZ ANTONIO RIBEIRO JUNIOR;60h;6N1234;60;34;Módulo 09 ICC CSS216 - LAB MECÂNICA
IFD0010 - MÉTODOS DA FÍSICA EXPERIMENTAL; 03;2022;2;NADIA MARIA DE LIZ KOCHE;60h;6T2345;24;21;Módulo 09 ICC CSS216 - LAB MECÂNICA
IFD0011 - FUNDAMENTOS MATEMÁTICOS DA FÍSICA A; 01;2022;2;OLAVO LEOPOLDINO DA SILVA FILHO;60h;35M34;54;29;ICC AT - 079/8
IFD0012 - FUNDAMENTOS MATEMÁTICOS DA FÍSICA B; 01;2022;2;ALEXANDRE CAVALHEIRO DIAS;60h;35T45;40;37;PAT AT 132
IFD0013 - ONDAS, ÓPTICA E TERMODINÂMICA; 01;2022;2;LEONARDO LUIZ E CASTRO;90h;246M34;30;27;ICC B1 242
IFD0014 - LABORATÓRIO DE INSTRUMENTAÇÃO CIENTÍFICA A; 01;2022;2;JUNIO MARCIO ROSA CRUZ;60h;4T2345;30;21;LAB ELETRO - Módulo 09 CSS216
IFD0014 - LABORATÓRIO DE INSTRUMENTAÇÃO CIENTÍFICA A; 02;2022;2;JUNIO MARCIO ROSA CRUZ;60h;6N1234;30;19;Módulo 09 ICC CSS216 - LAB ELETRO
IFD0015 - MECÂNICA CLÁSSICA A; 01;2022;2;ANTONY MARCO MOTA POLITO;60h;35T23;39;18;ICC BT 048
IFD0016 - LABORATÓRIO DE MECÂNICA; 01;2022;2;JORLANDIO FRANCISCO FELIX;60h;3M1234;15;14;Módulo 09 ICC CSS216 - LAB MECÂNICA
IFD0017 - FÍSICA MATEMÁTICA A; 01;2022;2;ARSEN MELIKYAN;60h;35M34;30;17;ICC BT 012/63
IFD0018 - RELATIVIDADE E FÍSICA QUÂNTICA; 01;2022;2;RICARDO GARGANO;90h;246M34;30;9;ICC BT 370/60
IFD0019 - MECÂNICA CLÁSSICA B; 01;2022;2;ARSEN MELIKYAN;60h;35T23;30;17;ICC BT 012/63
IFD0020 - MÉTODOS COMPUTACIONAIS A; 01;2022;2;BERNHARD GEORG ENDERS NETO;60h;35T45;20;14;BSS-352/57 (LCC)
IFD0021 - LABORATÓRIO DE FÍSICA MODERNA; 01;2022;2;ALEXANDRA MOCELLIN;60h;6T2345;18;18;Módulo 09 ICC CSS216 - LAB ÓTICA
IFD0021 - LABORATÓRIO DE FÍSICA MODERNA; 02;2022;2;GERALDO JOSE DA SILVA;60h;6N1234;19;15;Módulo 09 ICC CSS216 - LAB ÓPTICA
IFD0022 - LABORATÓRIO DE OSCILAÇÕES, ONDAS E FLUIDOS; 01;2022;2;LUIZ FERNANDO RONCARATTI JUNIOR;60h;2T2345;15;12;Módulo 09 ICC CSS216 - LAB MECÂNICA
IFD0023 - FÍSICA MATEMÁTICA B; 01;2022;2;ALEKSANDR NIKOLAIEVICH PINZUL;60h;35M34;30;6;ICC B1 242
IFD0024 - MECÂNICA QUÂNTICA A; 01;2022;2;ANTONIO CARLOS PEDROZA;60h;24M12;30;23;ICC BT 012/63
IFD0025 - TEORIA ELETROMAGNÉTICA A; 01;2022;2;ALEXANDRE DODONOV;60h;24T23;30;10;ICC B1 242
IFD0026 - LABORATÓRIO DE ELETROMAGNETISMO A; 01;2022;2;SEBASTIAO WILLIAM DA SILVA;60h;5T2345;15;12;Módulo 09 ICC CSS216 - LAB ELETRO
IFD0027 - LABORATÓRIO DE TERMODINÂMCIA E FÍSICA ESTATÍSTICA; 01;2022;2;JOSE ANTONIO HUAMANI COAQUIRA;60h;3T2345;18;17;Módulo 09 ICC CSS216 - LAB TERMODINÂMICA
IFD0029 - TEORIA ELETROMAGNÉTICA B; 01;2022;2;FABIO FERREIRA MONTEIRO;60h;35M12;30;22;ICC BT 012/63
IFD0030 - MECÂNICA QUÂNTICA B; 01;2022;2;PAULO SERGIO DA SILVA CALDAS;90h;246M34;30;3;ICC AT 082
IFD0031 - TERMODINÂMICA E FÍSICA ESTATÍSTICA; 01;2022;2;LEONARDO LUIZ E CASTRO;60h;24T23;30;10;ICC B1 251
IFD0032 - LABORATÓRIO DE ÓPTICA E FOTÔNICA; 01;2022;2;LUIZ FERNANDO RONCARATTI JUNIOR;60h;3T2345;15;7;A definir
IFD0055 - ELETROMAGNETISMO; 01;2022;2;CAIO CESAR HOLANDA RIBEIRO;90h;246M34;30;22;ICC BT 012/63
IFD0057 - PROJETO DE TRABALHO DE CONCLUSÃO DE CURSO; 01;2022;2;VANESSA CARVALHO DE ANDRADE;30h;6M34;1;1;A DEFINIR
IFD0057 - PROJETO DE TRABALHO DE CONCLUSÃO DE CURSO; 02;2022;2;MARIANA PENNA LIMA VITENTI;30h;4T12;1;1;A DEFINIR
IFD0057 - PROJETO DE TRABALHO DE CONCLUSÃO DE CURSO; 03;2022;2;MARIANA PENNA LIMA VITENTI;30h;6T23;2;2;A DEFINIR
IFD0057 - PROJETO DE TRABALHO DE CONCLUSÃO DE CURSO; 04;2022;2;ANTONIO CARLOS PEDROZA;30h;6N12;1;1;A DEFINIR
IFD0057 - PROJETO DE TRABALHO DE CONCLUSÃO DE CURSO; 05;2022;2;DAVID LIMA AZEVEDO;30h;5T12;1;0;A DEFINIR
IFD0057 - PROJETO DE TRABALHO DE CONCLUSÃO DE CURSO; 06;2022;2;ARSEN MELIKYAN;30h;7M34;1;1;A DEFINIR
IFD0057 - PROJETO DE TRABALHO DE CONCLUSÃO DE CURSO; 07;2022;2;JOSE LEONARDO FERREIRA;30h;35M5;1;1;A DEFINIR
IFD0057 - PROJETO DE TRABALHO DE CONCLUSÃO DE CURSO; 12;2022;2;TARCISIO MARCIANO DA ROCHA FILHO;30h;35T6;1;1;A definir
IFD0057 - PROJETO DE TRABALHO DE CONCLUSÃO DE CURSO; 13;2022;2;MARIANA PENNA LIMA VITENTI;30h;34M5;1;0;A definir
IFD0058 - TRABALHO DE CONCLUSÃO DE CURSO; 01;2022;2;ALEKSANDR NIKOLAIEVICH PINZUL;90h;5M5 6M1234 5T1;1;1;a definir
IFD0058 - TRABALHO DE CONCLUSÃO DE CURSO; 02;2022;2;VANESSA CARVALHO DE ANDRADE;90h;246M12;1;1;Local à definir.
IFD0058 - TRABALHO DE CONCLUSÃO DE CURSO; 03;2022;2;ARSEN MELIKYAN;90h;246N12;2;1;Local à definir.
IFD0058 - TRABALHO DE CONCLUSÃO DE CURSO; 04;2022;2;ARSEN MELIKYAN;90h;246N34;2;1;A DEFINIR
IFD0058 - TRABALHO DE CONCLUSÃO DE CURSO; 05;2022;2;PAULO EDUARDO NARCIZO DE SOUZA;90h;246N12;1;1;Local à definir.
IFD0058 - TRABALHO DE CONCLUSÃO DE CURSO; 06;2022;2;MARCO CEZAR BARBOSA FERNANDES;90h;4M23 56T23;1;1;Local à definir.
IFD0058 - TRABALHO DE CONCLUSÃO DE CURSO; 07;2022;2;ERONDINA AZEVEDO DE LIMA;90h;46T123;1;1;A definir
IFD0058 - TRABALHO DE CONCLUSÃO DE CURSO; 08;2022;2;BERNARDO DE ASSUNCAO MELLO;90h;46T123;1;1;A definir
IFD0058 - TRABALHO DE CONCLUSÃO DE CURSO; 10;2022;2;RICARDO GARGANO;90h;23456T6 2N1;1;1;a definir
IFD0058 - TRABALHO DE CONCLUSÃO DE CURSO; 11;2022;2;JOSE LEONARDO FERREIRA;90h;2T56 3456T6;1;1;A definir
IFD0058 - TRABALHO DE CONCLUSÃO DE CURSO; 12;2022;2;MARIANA PENNA LIMA VITENTI;90h;236M12;1;1;A definir
IFD0059 - TÓPICOS ESPECIAIS A; 01;2022;2;LETICIA GONCALVES NUNES COELHO;60h;35M12;20;11;ICC B1 254
IFD0060 - TÓPICOS ESPECIAIS B; 02;2022;2;MARIANA PENNA LIMA VITENTI;60h;5M5 4T56 5T1;25;17;ICC B1 242
IFD0062 - TÓPICOS ESPECIAIS D; 02;2022;2;MARCELLO FERREIRA;60h;2345T6;30;29;A definir
IFD0069 - MECANICA; 01;2022;2;ALVARO GOMES DOS SANTOS NETO;90h;246M34;54;36;ICC B1 244
IFD0069 - MECANICA; 02;2022;2;ALVARO GOMES DOS SANTOS NETO;90h;246T23;40;19;ICC AT - 079/8
IFD0132 - TEORIA DOS GRUPOS APLICADA A FISICA; 02;2022;2;GERALDO MAGELA E SILVA;60h;35M5 35T1;8;5;A definir
IFD0169 - INTRODUCAO A FISICA DE PLASMA; 01;2022;2;JOSE LEONARDO FERREIRA;90h;246N12;30;4;ICC AT 170
IFD0171 - FISICA 1; 01;2022;2;MARIANA MALARD SALES ANDRADE;60h;2T45 4T23;40;3;A1 19/63 UAC, FUP
IFD0171 - FISICA 1; 02;2022;2;YESSICA ACOSTA URIAN;60h;46M34;52;42;ICC BT 504
IFD0171 - FISICA 1; 03;2022;2;JOAQUIM JOSE SOARES NETO;60h;2N34 4N12;60;36;ICC BT 552
IFD0171 - FISICA 1; 04;2022;2;CLODOALDO RODRIGUES DA COSTA JUNIOR;60h;24T23;51;45;ICC BT 027
IFD0171 - FISICA 1; 05;2022;2;JOSE FRANCISCO DA ROCHA NETO;60h;24M12;55;31;ICC BT 648
IFD0171 - FISICA 1; 06;2022;2;MONICA WOLF CADILHE;30h;35M12;55;24;Anfiteatro 03
IFD0171 - FISICA 1; 06;2022;2;YESSICA ACOSTA URIAN;30h;35M12;55;24;Anfiteatro 03
IFD0171 - FISICA 1; 07;2022;2;JEROME DEPEYROT;60h;2N34 4N12;50;23;ICC BT 504
IFD0171 - FISICA 1; 08;2022;2;WALESKA PRISCYLLA FLORENCIO DE MEDEIROS;60h;35T23;52;26;ICC BT 027
IFD0171 - FISICA 1; 09;2022;2;ANTONY MARCO MOTA POLITO;60h;2N12 4N34;50;10;ICC BT 504
IFD0171 - FISICA 1; 10;2022;2;CLODOALDO RODRIGUES DA COSTA JUNIOR;60h;35T45;50;29;ICC BT 504
IFD0171 - FISICA 1; 11;2022;2;CLODOALDO RODRIGUES DA COSTA JUNIOR;60h;35M12;50;42;ICC BT 552
IFD0171 - FISICA 1; 12;2022;2;DAVID LIMA AZEVEDO;60h;46M34;50;38;ICC BT 552
IFD0171 - FISICA 1; 13;2022;2;MONICA WOLF CADILHE;30h;35M12;50;40;Anfiteatro 03
IFD0171 - FISICA 1; 13;2022;2;YESSICA ACOSTA URIAN;30h;35M12;50;40;Anfiteatro 03
IFD0171 - FISICA 1; 14;2022;2;JOSE FRANCISCO DA ROCHA NETO;60h;24T23;50;32;ICC BT 504
IFD0171 - FISICA 1; 15;2022;2;ISMAEL SEGUNDO DA SILVA CARRASCO;60h;35M12;59;37;ICC BT 648
IFD0171 - FISICA 1; 16;2022;2;DAVID LIMA AZEVEDO;60h;24M12;50;26;ICC BT 504
IFD0173 - FISICA 1 EXPERIMENTAL; 15;2022;2;LETICIA GONCALVES NUNES COELHO;15h;4N34;30;21;LAB FIS 1A - IF
IFD0173 - FISICA 1 EXPERIMENTAL; 15;2022;2;BERNARDO FORTON ODLAVSON GONCALVES;15h;4N34;30;21;LAB FIS 1A - IF
IFD0173 - FISICA 1 EXPERIMENTAL; 16;2022;2;LUCAS DE ASSIS GONCALVES;15h;2M34;30;24;LAB FIS 1A - IF
IFD0173 - FISICA 1 EXPERIMENTAL; 16;2022;2;NILO MAKIUCHI;15h;2M34;30;24;LAB FIS 1A - IF
IFD0173 - FISICA 1 EXPERIMENTAL; 17;2022;2;BERNARDO FORTON ODLAVSON GONCALVES;30h;5T45;30;25;LAB FIS 1A - IF
IFD0173 - FISICA 1 EXPERIMENTAL; 18;2022;2;YESSICA ACOSTA URIAN;30h;7M34;30;24;LAB FIS 1B -IF
IFD0173 - FISICA 1 EXPERIMENTAL; 19;2022;2;DEMETRIO ANTONIO DA SILVA FILHO;30h;6M34;40;18;LAB FIS 1A - IF
IFD0173 - FISICA 1 EXPERIMENTAL; 20;2022;2;LUCAS DE ASSIS GONCALVES;30h;6M34;31;25;LAB FIS 1B - IF
IFD0173 - FISICA 1 EXPERIMENTAL; 21;2022;2;PEDRO AUGUSTO MATOS RODRIGUES;30h;3M12;33;27;LAB FIS 1B -IF
IFD0173 - FISICA 1 EXPERIMENTAL; 22;2022;2;NILO MAKIUCHI;30h;6M12;31;23;LAB FIS 1B -IF
IFD0173 - FISICA 1 EXPERIMENTAL; 24;2022;2;LUCAS DE ASSIS GONCALVES;30h;4T23;36;31;LAB FIS 1A - IF
IFD0173 - FISICA 1 EXPERIMENTAL; 25;2022;2;DEMETRIO ANTONIO DA SILVA FILHO;30h;4M12;32;24;LAB FIS 1A - IF
IFD0173 - FISICA 1 EXPERIMENTAL; 26;2022;2;LUCAS DE ASSIS GONCALVES;30h;3T23;30;22;LAB FIS 1A - IF
IFD0173 - FISICA 1 EXPERIMENTAL; 27;2022;2;DEMETRIO ANTONIO DA SILVA FILHO;30h;5M34;29;20;LAB FIS 1A - IF
IFD0173 - FISICA 1 EXPERIMENTAL; 28;2022;2;YESSICA ACOSTA URIAN;30h;4T23;35;27;LAB FIS 1B -IF
IFD0173 - FISICA 1 EXPERIMENTAL; 29;2022;2;LETICIA GONCALVES NUNES COELHO;15h;4N34;30;14;LAB FIS 1B -IF
IFD0173 - FISICA 1 EXPERIMENTAL; 29;2022;2;BERNARDO FORTON ODLAVSON GONCALVES;15h;4N34;30;14;LAB FIS 1B -IF
IFD0173 - FISICA 1 EXPERIMENTAL; 30;2022;2;LUCAS DE ASSIS GONCALVES;15h;2M34;30;24;LAB FIS 1B -IF
IFD0173 - FISICA 1 EXPERIMENTAL; 30;2022;2;NILO MAKIUCHI;15h;2M34;30;24;LAB FIS 1B -IF
IFD0173 - FISICA 1 EXPERIMENTAL; 31;2022;2;DEMETRIO ANTONIO DA SILVA FILHO;30h;6M12;33;22;LAB FIS 1A - IF
IFD0173 - FISICA 1 EXPERIMENTAL; 32;2022;2;FABIO LUIS DE OLIVEIRA PAULA;30h;6T45;36;16;LAB FIS 1A - IF
IFD0173 - FISICA 1 EXPERIMENTAL; 34;2022;2;PEDRO AUGUSTO MATOS RODRIGUES;30h;4M12;30;20;LAB FIS 1B -IF
IFD0175 - FISICA 2; 01;2022;2;WALESKA PRISCYLLA FLORENCIO DE MEDEIROS;60h;35M12;51;48;ICC AT 158/19
IFD0175 - FISICA 2; 02;2022;2;Felipe Rodrigues de Almeida Araújo                          ;60h;2N34 4N12;50;33;ICC BT 594
IFD0175 - FISICA 2; 03;2022;2;NATALIA DE MELO ALVARENGA;60h;35M34;50;41;ICC BT 504
IFD0175 - FISICA 2; 04;2022;2;TARCISIO MARCIANO DA ROCHA FILHO;30h;24M12;50;38;ICC BT 552
IFD0175 - FISICA 2; 04;2022;2;LUCAS DE ASSIS GONCALVES;30h;24M12;50;38;ICC BT 552
IFD0175 - FISICA 2; 05;2022;2;ISMAEL SEGUNDO DA SILVA CARRASCO;60h;24T23;50;35;ICC BT 594
IFD0175 - FISICA 2; 06;2022;2;WALESKA PRISCYLLA FLORENCIO DE MEDEIROS;60h;35T45;50;40;ICC BT 594
IFD0175 - FISICA 2; 07;2022;2;NATALIA DE MELO ALVARENGA;60h;35T45;50;23;ICC BT 552
IFD0175 - FISICA 2; 08;2022;2;DANIEL MULLER;60h;35M12;50;22;ICC BT 192
IFD0175 - FISICA 2; 09;2022;2;TARCISIO MARCIANO DA ROCHA FILHO;30h;2N34 4N12;50;16;ICC BT 648
IFD0175 - FISICA 2; 09;2022;2;LUCAS DE ASSIS GONCALVES;30h;2N34 4N12;50;16;ICC BT 648
IFD0175 - FISICA 2; 10;2022;2;BERNARDO DE ASSUNCAO MELLO;60h;46M34;50;33;ICC BT 648
IFD0175 - FISICA 2; 11;2022;2;FABIO MENEZES DE SOUZA LIMA;60h;24T23;50;20;ICC BT 552
IFD0175 - FISICA 2; 12;2022;2;JULIANA DE NOVAIS SCHIANTI;60h;35M34;60;25;ICC ANF.13
IFD0175 - FISICA 2; 13;2022;2;DANIEL MULLER;60h;24M12;50;15;ICC BT 594
IFD0177 - FISICA 2 EXPERIMENTAL; 01;2022;2;JOSE EDUARDO MARTINS;60h;3T2345;30;28;LAB FIS 2A - IF
IFD0177 - FISICA 2 EXPERIMENTAL; 02;2022;2;ALEXANDRA MOCELLIN;60h;5T2345;31;31;LAB FIS 2A - IF
IFD0177 - FISICA 2 EXPERIMENTAL; 03;2022;2;GERALDO MAGELA E SILVA;60h;4M1234;30;23;LAB FIS 2B - IF
IFD0177 - FISICA 2 EXPERIMENTAL; 04;2022;2;SERGIO COSTA ULHOA;60h;6N1234;30;4;LAB FIS 2A - IF
IFD0177 - FISICA 2 EXPERIMENTAL; 05;2022;2;MARIA APARECIDA GODOY SOLER PAJANIAN;60h;6M1234;30;20;LAB FIS 2A - IF
IFD0177 - FISICA 2 EXPERIMENTAL; 06;2022;2;JOSE FELIPPE BEAKLINI FILHO;60h;6M1234;30;25;LAB FIS 2B - IF
IFD0177 - FISICA 2 EXPERIMENTAL; 07;2022;2;JOSE FELIPPE BEAKLINI FILHO;60h;3M1234;30;18;LAB FIS 2A - IF
IFD0177 - FISICA 2 EXPERIMENTAL; 08;2022;2;JOSE ANTONIO HUAMANI COAQUIRA;60h;6T2345;30;26;LAB FIS 2A - IF
IFD0177 - FISICA 2 EXPERIMENTAL; 09;2022;2;LETICIA GONCALVES NUNES COELHO;1h;5T2345;30;29;LAB FIS 2A - IF
IFD0177 - FISICA 2 EXPERIMENTAL; 09;2022;2;JOSE FELIPPE BEAKLINI FILHO;60h;5T2345;30;29;LAB FIS 2A - IF
IFD0177 - FISICA 2 EXPERIMENTAL; 09;2022;2;QU FANYAO;60h;5T2345;30;29;LAB FIS 2A - IF
IFD0177 - FISICA 2 EXPERIMENTAL; 10;2022;2;MARIA APARECIDA GODOY SOLER PAJANIAN;60h;4M1234;30;26;LAB FIS 2A - IF
IFD0177 - FISICA 2 EXPERIMENTAL; 11;2022;2;JOSE EDUARDO MARTINS;60h;6T2345;30;21;LAB FIS 2A - IF
IFD0177 - FISICA 2 EXPERIMENTAL; 12;2022;2;SERGIO COSTA ULHOA;60h;2M1234;30;5;LAB FIS 2A - IF
IFD0179 - FISICA 3; 01;2022;2;PAULO SERGIO DA SILVA CALDAS;60h;35T45;58;8;ICC BT 620
IFD0179 - FISICA 3; 02;2022;2;DANIEL LIMA NASCIMENTO;30h;24T45;50;22;ICC BT 504
IFD0179 - FISICA 3; 03;2022;2;FABIO LUIS DE OLIVEIRA PAULA;60h;26N34;33;20;ICC AT 082
IFD0179 - FISICA 3; 04;2022;2;ALEXANDRE DODONOV;60h;46M34;40;23;ICC AT - 079/8
IFD0179 - FISICA 3; 05;2022;2;DANIEL LIMA NASCIMENTO;60h;35T23;43;28;PAT AT 132
IFD0179 - FISICA 3; 06;2022;2;QU FANYAO;60h;24T45;20;15;ICC B1 254
IFD0179 - FISICA 3; 06;2022;2;DANIEL LIMA NASCIMENTO;30h;24T45;20;15;ICC B1 254
IFD0181 - FISICA 3 EXPERIMENTAL; 01;2022;2;SEBASTIAO WILLIAM DA SILVA;60h;4M1234 (25/10/2022 - 18/02/2023);27;22;LAB ELETRO - IF
IFD0181 - FISICA 3 EXPERIMENTAL; 02;2022;2;PEDRO AUGUSTO MATOS RODRIGUES;60h;2T2345 (25/10/2022 - 18/02/2023);24;16;LAB ELETRO - IF
IFD0181 - FISICA 3 EXPERIMENTAL; 03;2022;2;JORLANDIO FRANCISCO FELIX;60h;2M1234 (25/10/2022 - 18/02/2023);30;25;LAB ELETRO - IF
IFD0181 - FISICA 3 EXPERIMENTAL; 04;2022;2;PAULO EDUARDO NARCIZO DE SOUZA;60h;3M1234 (25/10/2022 - 18/02/2023);30;20;LAB ELETRO - IF
IFD0181 - FISICA 3 EXPERIMENTAL; 05;2022;2;PAULO EDUARDO NARCIZO DE SOUZA;60h;6M1234 (25/10/2022 - 18/02/2023);24;20;LAB ELETRO - IF
IFD0181 - FISICA 3 EXPERIMENTAL; 06;2022;2;JOSE LEONARDO FERREIRA;60h;6T2345 (25/10/2022 - 18/02/2023);30;28;LAB ELETRO - IF
IFD0247 - METODOLOGIA DO ENSINO DE FÍSICA; 01;2022;2;ROBERTO VINICIOS LESSA DO COUTO;60h;35N12;30;19;ICC BT 012/63
IFD0250 - MECÂNICA CLÁSSICA; 01;2022;2;MARCO CEZAR BARBOSA FERNANDES;60h;2N34 4N12;30;19;ICC B1 251
IFD0254 - TEORIA ELETROMAGNETICA; 01;2022;2;MARIANA PENNA LIMA VITENTI;60h;45N12;20;16;ICC B1 254
IFD0256 - FISICA MODERNA 1; 01;2022;2;VIKTOR DODONOV;60h;2N12 4N34;30;23;ICC AT- 144/8
IFD0258 - EVOLUCAO HISTORICA DOS CONCEITOS DA FISICA; 01;2022;2;CASSIO COSTA LARANJEIRAS;60h;35N34;30;0;LADEF
IFD0270 - ESTRUTURA DA MATERIA 3 - FISICA DOS SOLIDOS; 01;2022;2;JEROME DEPEYROT;60h;2N12 4N34;30;4;ICC AT 104
IFD0282 - PRATICA E ENSINO DE FISICA PARA O 2 GRAU 1; 01;2022;2;PAULO ROBERTO MENEZES LIMA JUNIOR;90h;7M1234 3N12;20;0;ICC B1 254
IFD0293 - FISICA TERMICA; 01;2022;2;MARCO CEZAR BARBOSA FERNANDES;60h;2N12 4N34;30;9;ICC BT 012/63
IFD0296 - METODOS MATEMATICOS DA FISICA TEORICA; 01;2022;2;MARIANA PENNA LIMA VITENTI;60h;45N34;30;15;ICC B1 242
IFD0304 - FISICA PARA DESENHO INDUSTRIAL; 01;2022;2;NILO MAKIUCHI;90h;246T23;30;27;ICC BT 012/63
IFD0328 - SIMULACÃO DE PROCESSOS FISICOS; 01;2022;2;TARCISIO MARCIANO DA ROCHA FILHO;60h;35T23;20;1;LCC
IFD0334 - MATERIAIS DIDÁTICOS PARA O ENSINO DE FÍSICA; 01;2022;2;MARIA DE FATIMA RODRIGUES MAKIUCHI;60h;3N34 5N12;26;12;LADEF
IFD0338 - PROJETOS E PROGRAMAS PARA O ENSINO DE FÍSICA; 01;2022;2;PAULO ROBERTO MENEZES LIMA JUNIOR;60h;3N34 6N12;30;22;ICC BT 012/63
IFD0340 - FUNDAMENTOS DE FÍSICA; 01;2022;2;NATALIA DE MELO ALVARENGA;60h;35M12;50;33;ICC - centro - BT 366
IFD0340 - FUNDAMENTOS DE FÍSICA; 02;2022;2;LUANA CRISTINA WOUK;60h;35M12;50;28;ICC BT 620
IFD0340 - FUNDAMENTOS DE FÍSICA; 03;2022;2;JOAQUIM JOSE SOARES NETO;60h;3N12 4N34;50;14;ICC BT 552
IFD0353 - PROGRAMAÇÃO PARA SISTEMAS FÍSICOS; 01;2022;2;PEDRO HENRIQUE DE OLIVEIRA NETO;60h;26T23;25;19;LCC
IFD0353 - PROGRAMAÇÃO PARA SISTEMAS FÍSICOS; 02;2022;2;BERNARDO DE ASSUNCAO MELLO;60h;24T45;25;20;LCC
IFD0360 - CÁLCULO 2; 01;2022;2;DANIEL LIMA NASCIMENTO;30h;;40;1;MULTIPOLO
IFD0360 - CÁLCULO 2; 01;2022;2;VINICIUS DE CARVALHO RISPOLI;30h;;40;1;MULTIPOLO
IFD0360 - CÁLCULO 2; 01;2022;2;LEANDRO XAVIER CARDOSO;30h;;40;1;MULTIPOLO
IFD0361 - CÁLCULO 3; 01;2022;2;LEANDRO XAVIER CARDOSO;30h;;40;2;MULTIPOLO
IFD0361 - CÁLCULO 3; 01;2022;2;DANIEL LIMA NASCIMENTO;30h;;40;2;MULTIPOLO
IFD0361 - CÁLCULO 3; 01;2022;2;VINICIUS DE CARVALHO RISPOLI;30h;;40;2;MULTIPOLO
IFD0365 - METODOLOGIA DO ENSINO DE FÍSICA; 02;2022;2;MARCELLO FERREIRA;30h;;40;9;MULTIPOLO
IFD0365 - METODOLOGIA DO ENSINO DE FÍSICA; 02;2022;2;KHALIL OLIVEIRA PORTUGAL;30h;;40;9;MULTIPOLO
IFD0366 - ESTÁGIO CURRICULAR SUPERVISIONADO EM FÍSICA 1; 01;2022;2;MARCELLO FERREIRA;90h;;160;16;MULTIPOLO
IFD0375 - MECÂNICA 2; 01;2022;2;FABIO FERREIRA MONTEIRO;15h;;40;0;MULTIPOLO
IFD0375 - MECÂNICA 2; 01;2022;2;RONNI GERALDO GOMES DE AMORIM;15h;;40;0;MULTIPOLO
IFD0375 - MECÂNICA 2; 01;2022;2;VANESSA CARVALHO DE ANDRADE;30h;;40;0;MULTIPOLO
IFD0376 - HISTÓRIA DA FÍSICA CLÁSSICA; 01;2022;2;RONNI GERALDO GOMES DE AMORIM;15h;;40;21;MULTIPOLO
IFD0376 - HISTÓRIA DA FÍSICA CLÁSSICA; 01;2022;2;DEMETRIO ANTONIO DA SILVA FILHO;15h;;40;21;MULTIPOLO
IFD0376 - HISTÓRIA DA FÍSICA CLÁSSICA; 01;2022;2;FABIO FERREIRA MONTEIRO;15h;;40;21;MULTIPOLO
IFD0376 - HISTÓRIA DA FÍSICA CLÁSSICA; 01;2022;2;ALESSANDRA FERREIRA ALBERNAZ;15h;;40;21;MULTIPOLO
IFD0379 - LABORATÓRIO DE FÍSICA MODERNA; 01;2022;2;LETICIA GONCALVES NUNES COELHO;30h;;40;19;MULTIPOLO
IFD0379 - LABORATÓRIO DE FÍSICA MODERNA; 01;2022;2;FABIO LUIS DE OLIVEIRA PAULA;30h;;40;19;MULTIPOLO
IFD0380 - LABORATÓRIO DE INSTRUMENTAÇÃO CIENTÍFICA A; 01;2022;2;FABIO LUIS DE OLIVEIRA PAULA;45h;;40;21;MULTIPOLO
IFD0380 - LABORATÓRIO DE INSTRUMENTAÇÃO CIENTÍFICA A; 01;2022;2;LETICIA GONCALVES NUNES COELHO;45h;;40;21;MULTIPOLO
IFD0381 - LABORATÓRIO DE MECÂNICA, ÓPTICA E TERMODINÂMICA; 01;2022;2;LETICIA GONCALVES NUNES COELHO;30h;;40;6;MULTIPOLO
IFD0381 - LABORATÓRIO DE MECÂNICA, ÓPTICA E TERMODINÂMICA; 01;2022;2;FABIO LUIS DE OLIVEIRA PAULA;30h;;40;6;MULTIPOLO
IFD0383 - MATERIAIS DIDÁTICOS PARA O ENSINO DE FÍSICA; 02;2022;2;MARCELLO FERREIRA;30h;;160;11;MULTIPOLO
IFD0383 - MATERIAIS DIDÁTICOS PARA O ENSINO DE FÍSICA; 02;2022;2;KHALIL OLIVEIRA PORTUGAL;30h;;160;11;MULTIPOLO
IFD0386 - ONDAS, ÓPTICA E TERMODINÂMICA; 01;2022;2;DEMETRIO ANTONIO DA SILVA FILHO;20h;;40;5;MULTIPOLO
IFD0386 - ONDAS, ÓPTICA E TERMODINÂMICA; 01;2022;2;VANESSA CARVALHO DE ANDRADE;30h;;40;5;MULTIPOLO
IFD0386 - ONDAS, ÓPTICA E TERMODINÂMICA; 01;2022;2;FABIO FERREIRA MONTEIRO;20h;;40;5;MULTIPOLO
IFD0393 - MECÂNICA CLÁSSICA; 01;2022;2;DEMETRIO ANTONIO DA SILVA FILHO;20h;;160;29;MULTIPOLO
IFD0393 - MECÂNICA CLÁSSICA; 01;2022;2;RONNI GERALDO GOMES DE AMORIM;20h;;160;29;MULTIPOLO
IFD0393 - MECÂNICA CLÁSSICA; 01;2022;2;FABIO FERREIRA MONTEIRO;20h;;160;29;MULTIPOLO
IFD0397 - FUNDAMENTOS MATEMÁTICOS DA FÍSICA B; 01;2022;2;OLAVO LEOPOLDINO DA SILVA FILHO;45h;;160;16;MULTIPOLO
IFD0397 - FUNDAMENTOS MATEMÁTICOS DA FÍSICA B; 01;2022;2;RONNI GERALDO GOMES DE AMORIM;10h;;160;16;MULTIPOLO
IFD0397 - FUNDAMENTOS MATEMÁTICOS DA FÍSICA B; 01;2022;2;VINICIUS DE CARVALHO RISPOLI;5h;;160;16;MULTIPOLO
IFD0417 - FRONTEIRAS DA FÍSICA; 01;2022;2;LETICIA GONCALVES NUNES COELHO;30h;4N12;70;33;LADEF
IFD0418 - MECÂNICA 1; 01;2022;2;VANESSA CARVALHO DE ANDRADE;60h;35N12;65;24;ICC ANF.16
IFD0419 - MECÂNICA 2; 01;2022;2;ALEXANDRE CAVALHEIRO DIAS;60h;35N12;40;14;ICC AT - 079/8
IFD0420 - TERMODINÂMICA; 01;2022;2;LUANA CRISTINA WOUK;60h;24N12;30;13;ICC B1 242
IFD0421 - ELETROMAGNETISMO 1; 01;2022;2;YESSICA ACOSTA URIAN;60h;2N34 4N12;30;15;ICC BT 012/63
IFD0422 - ELETROMAGNETISMO 2; 01;2022;2;BERNARDO FORTON ODLAVSON GONCALVES;60h;2N34 5N12;30;8;ICC B1 242
IFD0423 - ONDAS E ÓPTICA; 01;2022;2;ADRIANA PEREIRA IBALDO;60h;2N12 5N34;30;14;ICC B1 251
IFD0424 - LABORATÓRIO DE FÍSICA CLÁSSICA 1; 01;2022;2;BERNARDO FORTON ODLAVSON GONCALVES;90h;7M1234 7T12;30;24;Módulo 09 ICC CSS216
IFD0425 - LABORATÓRIO DE FÍSICA CLÁSSICA 2; 01;2022;2;GERALDO JOSE DA SILVA;90h;56T6 4N1234;24;4;Módulo 09 ICC CSS216
IFD0426 - HISTÓRIA DA FÍSICA CLÁSSICA; 01;2022;2;CASSIO COSTA LARANJEIRAS;60h;35N34;30;21;LADEF
IFD0427 - FÍSICA MODERNA 2; 01;2022;2;ANTONIO CARLOS PEDROZA;60h;2N12 4N34;25;6;ICC AT 127/7
IFD0429 - HISTÓRIA DA FÍSICA MODERNA; 01;2022;2;FABIO MENEZES DE SOUZA LIMA;60h;56N34;20;18;ICC B1 254
IFD0430 - INTRODUÇÃO AO ENSINO E DIVULGAÇÃO DA FÍSICA; 01;2022;2;KHALIL OLIVEIRA PORTUGAL;30h;4N34;31;22;LADEF
IFD0431 - EPISTEMOLOGIA E ENSINO DE FÍSICA; 01;2022;2;CASSIO COSTA LARANJEIRAS;60h;35N12;30;22;LADEF
IFD0432 - ESTÁGIO CURRICULAR SUPERVISIONADO EM FÍSICA 1; 02;2022;2;PAULO ROBERTO MENEZES LIMA JUNIOR;60h;7M12 3N12;20;4;Sala do Lab. de Física 3
IFD0433 - ESTÁGIO CURRICULAR SUPERVISIONADO EM FÍSICA 2; 02;2022;2;MARIA DE FATIMA RODRIGUES MAKIUCHI;90h;7M1234 3N12;20;10;Ladef
IFD0434 - ESTÁGIO CURRICULAR SUPERVISIONADO EM FÍSICA 3; 02;2022;2;KHALIL OLIVEIRA PORTUGAL;90h;7T1234 3N34;20;4;B1390 (sala de reuniões)
IFD0435 - ESTÁGIO CURRICULAR SUPERVISIONADO EM FÍSICA 4; 02;2022;2;MARCELLO FERREIRA;90h;7M1234 3N12;20;16;Sala do Lab. de Física 4
IFD0436 - ESTÁGIO CURRICULAR SUPERVISIONADO EM FÍSICA 5; 02;2022;2;ERONDINA AZEVEDO DE LIMA;90h;7T1234 3N34;20;4;Sala do Lab. de Física 4
IFD0438 - TECNOLOGIAS DE INFORMAÇÃO E COMUNICAÇÃO NO ENSINO DE FÍSICA; 01;2022;2;KHALIL OLIVEIRA PORTUGAL;60h;46N12;30;0;A definir
DPG0121 - QUÍMICA INORGÂNICA AVANÇADA; 01;2022;2;SILVIA CLAUDIA LOUREIRO DIAS;60h;24T45;1;0;a definir
IQD0003 - INTRODUÇÃO À COMPUTAÇÃO APLICADA AOS PROCESSOS QUÍMICOS; 01;2022;2;ALEXANDRE PEREZ UMPIERRE;60h;3T2345;15;2;IQD AT 105/21
IQD0003 - INTRODUÇÃO À COMPUTAÇÃO APLICADA AOS PROCESSOS QUÍMICOS; 02;2022;2;ALEXANDRE PEREZ UMPIERRE;60h;4M2345;15;11;IQD AT 105/21
IQD0003 - INTRODUÇÃO À COMPUTAÇÃO APLICADA AOS PROCESSOS QUÍMICOS; 03;2022;2;ALEXANDRE PEREZ UMPIERRE;60h;4T2345;15;12;IQD AT 105/21
IQD0005 - TRANSFERÊNCIA DE QUANTIDADE DE MOVIMENTO; 01;2022;2;FABIO MOREIRA DA SILVA;60h;35M34;45;20;BSA S B1 34/13
IQD0007 - LABORATÓRIO DE ENGENHARIA QUÍMICA 2; 01;2022;2;FABIO MOREIRA DA SILVA;30h;4M34;15;8;IQD AT 62/21
IQD0007 - LABORATÓRIO DE ENGENHARIA QUÍMICA 2; 02;2022;2;FABIO MOREIRA DA SILVA;30h;4T23;15;8;IQD AT 62/21
IQD0009 - OPERAÇÕES UNITÁRIAS DA ENGENHARIA QUÍMICA 1; 01;2022;2;FABIO MOREIRA DA SILVA;60h;35T45;40;17;BSA S B1 47/10
IQD0010 - TRANSFERÊNCIA DE MASSA; 01;2022;2;ANDRESSA REGINA VASQUES MENDONCA;60h;35T23;45;21;BSA S BT 26/13
IQD0011 - OPERAÇÕES UNITÁRIAS DA ENGENHARIA QUÍMICA 2; 01;2022;2;CHRISTIAN GIANFRANCO VALDIVIA RODRIGUEZ;60h;35M12;40;31;BSA S B2 54/13
IQD0012 - OPERAÇÕES UNITÁRIAS DA ENGENHARIA QUÍMICA 3; 01;2022;2;ANDRESSA REGINA VASQUES MENDONCA;60h;46T45;40;12;BSA S B1 19/10
IQD0014 - LABORATÓRIO DE ENGENHARIA QUÍMICA 1; 01;2022;2;GESLEY ALEX VELOSO MARTINS;30h;5T23;15;15;IQD AT 62/21
IQD0014 - LABORATÓRIO DE ENGENHARIA QUÍMICA 1; 02;2022;2;GESLEY ALEX VELOSO MARTINS;30h;5T45;15;9;IQD AT 62/21
IQD0015 - PROJETO DE ENGENHARIA QUÍMICA 1; 01;2022;2;JOSE JOAQUIN LINARES LEON;30h;3M34;27;27;BSA S B1 47/10
IQD0016 - MODELAGEM E SIMULAÇÃO DE PROCESSOS QUÍMICOS; 01;2022;2;FABRICIO MACHADO SILVA;60h;6T2345;40;24;BSA S A1 16/37
IQD0019 - PROJETO DE ENGENHARIA QUÍMICA 2; 01;2022;2;JOSE JOAQUIN LINARES LEON;30h;3T45;28;28;BSA S B2 33/9
IQD0021 - QUÍMICA ANALÍTICA EXPERIMENTAL; 01;2022;2;CYRO LUCAS SILVA CHAGAS;60h;5M1234;15;15;IQD AT 26/21
IQD0021 - QUÍMICA ANALÍTICA EXPERIMENTAL; 02;2022;2;MARLY EIKO OSUGI;60h;3M1234;15;5;IQD AT 26/21
IQD0022 - PRINCÍPIOS DE QUÍMICA ANALÍTICA; 01;2022;2;CARLOS MARTIN INFANTE CORDOVA;60h;35M34;50;22;BSA S BT 34/13
IQD0024 - LABORATÓRIO DE QUÍMICA ANALÍTICA 1; 01;2022;2;JEZ WILLIAN BATISTA BRAGA;30h;3T45;15;15;IQD AT 26/21
IQD0024 - LABORATÓRIO DE QUÍMICA ANALÍTICA 1; 02;2022;2;TARCISIO SILVA DE ALMEIDA;30h;5T45;15;13;IQD AT 26/21
IQD0024 - LABORATÓRIO DE QUÍMICA ANALÍTICA 1; 03;2022;2;JEZ WILLIAN BATISTA BRAGA;30h;3N12;15;14;IQD AT 26/21
IQD0026 - FUNDAMENTOS DE ANÁLISE INSTRUMENTAL 2; 01;2022;2;RICARDO BASTOS CUNHA;30h;3T23;50;7;BSA S BT 11/13
IQD0027 - LABORATÓRIO DE SÍNTESE INORGÂNICA; 01;2022;2;MARYENE ALVES CAMARGO;60h;5T2345;16;11;IQD BT 057/03
IQD0027 - LABORATÓRIO DE SÍNTESE INORGÂNICA; 02;2022;2;CLAUDIA CRISTINA GATTO;60h;2T2345;16;15;IQD BT 057/03
IQD0028 - REAÇÕES ORGÂNICAS E SEUS MECANISMOS 2; 01;2022;2;ANGELO HENRIQUE DE LIRA MACHADO;60h;24T23;40;18;BSA S B1 47/10
IQD0029 - ESPECTROSCOPIA ATÔMICA E MOLECULAR; 01;2022;2;JOAO BATISTA LOPES MARTINS;60h;35T23;40;12;IQD BT 79/6
IQD0032 - CINÉTICA QUÍMICA; 01;2022;2;JOSENAIDE PEREIRA DO NASCIMENTO;30h;4T23;60;23;BSA S B1 19/10
IQD0035 - FUNDAMENTOS DE ENSINO DE QUÍMICA; 01;2022;2;RICARDO GAUCHE;30h;6N12;40;31;BSA S B1 47/13
IQD0036 - TRABALHO DE CONCLUSÃO DE CURSO 2 - LIC EM QUÍMICA; 01;2022;2;GERSON DE SOUZA MOL;30h;7N34;8;8;A designar
IQD0036 - TRABALHO DE CONCLUSÃO DE CURSO 2 - LIC EM QUÍMICA; 02;2022;2;EDUARDO LUIZ DIAS CAVALCANTI;30h;7N34;3;3;A designar
IQD0036 - TRABALHO DE CONCLUSÃO DE CURSO 2 - LIC EM QUÍMICA; 03;2022;2;EVELYN JENIFFER DE LIMA TOLEDO;30h;7N34;5;4;A designar
IQD0036 - TRABALHO DE CONCLUSÃO DE CURSO 2 - LIC EM QUÍMICA; 04;2022;2;RICARDO GAUCHE;30h;7N34;4;3;A designar
IQD0036 - TRABALHO DE CONCLUSÃO DE CURSO 2 - LIC EM QUÍMICA; 05;2022;2;PATRICIA FERNANDES LOOTENS MACHADO;30h;7N34;7;5;A designar
IQD0036 - TRABALHO DE CONCLUSÃO DE CURSO 2 - LIC EM QUÍMICA; 06;2022;2;DANIEL PERDIGAO NASS;30h;7N34;1;1;A designar
IQD0036 - TRABALHO DE CONCLUSÃO DE CURSO 2 - LIC EM QUÍMICA; 07;2022;2;JHENIFFER MICHELINE CORTEZ;30h;7N34;2;2;a definir
IQD0036 - TRABALHO DE CONCLUSÃO DE CURSO 2 - LIC EM QUÍMICA; 08;2022;2;BRENNO AMARO DA SILVEIRA NETO;30h;7N34;1;1;A definir
IQD0038 - ESTÁGIO EM REGÊNCIA NO ENSINO DE QUÍMICA 1; 01;2022;2;EDUARDO LUIZ DIAS CAVALCANTI;90h;7T2345 5N12;20;2;IQD BT 21/3
IQD0041 - PRÁTICA INTERDISCIPLINAR EM ENSINO DE QUÍMICA 2; 01;2022;2;EDUARDO LUIZ DIAS CAVALCANTI;45h;7M4 5N34;21;18;IQD BT 35/03
IQD0043 - DIDÁTICA DA QUÍMICA; 01;2022;2;JHENIFFER MICHELINE CORTEZ;60h;2N12 4N34;32;22;BSA S B2 41/13
IQD0044 - INTRODUÇÃO A ENGENHARIA DE MATERIAIS; 01;2022;2;JEANE ESTELA AYRES DE LIMA;60h;24T23;45;36;BSA S AT 14/15
IQD0046 - TERMODINÂMICA APLICADA; 01;2022;2;FABRICIO MACHADO SILVA;30h;2T23;45;37;BSA S B1 34/13
IQD0047 - TÓPICOS ESPECIAIS EM TECNOLOGIA E ENGENHARIA QUÍMICA; 01;2022;2;FLORIANO PASTORE JUNIOR;30h;6M34;45;15;BSA S BT 11/13
IQD0048 - ENGENHARIA DE REATORES QUÍMICOS; 01;2022;2;ALEXANDRE PEREZ UMPIERRE;60h;26T45;45;21;BSA S B1 19/13
IQD0056 - QUIMICA INORGANICA 1 EXPERIMENTAL; 01;2022;2;MARYENE ALVES CAMARGO;60h;4T2345;16;8;IQD BT 057/03
IQD0056 - QUIMICA INORGANICA 1 EXPERIMENTAL; 02;2022;2;CLAUDIA CRISTINA GATTO;60h;6T2345;16;14;IQD BT 057/03
IQD0056 - QUIMICA INORGANICA 1 EXPERIMENTAL; 03;2022;2;JULIO LEMOS DE MACEDO;60h;5N1234;16;7;IQD BT 057/03
IQD0056 - QUIMICA INORGANICA 1 EXPERIMENTAL; 04;2022;2;JOSE ALVES DIAS;60h;5M1234;16;7;IQD BT 057/03
IQD0058 - FUNDAMENTOS DE QUÍMICA; 01;2022;2;FERNANDO DE MAGALHAES COUTINHO VIEIRA;90h;246T45;50;19;BSA S BT 41/13
IQD0058 - FUNDAMENTOS DE QUÍMICA; 02;2022;2;DANIEL FRANCISCO SCALABRINI MACHADO;90h;246T45;50;19;BSA S B1 11/13
IQD0061 - LABORATÓRIO DE QUÍMICA FUNDAMENTAL; 01;2022;2;JOAO BATISTA LOPES MARTINS;60h;6M1234;22;9;IQD AT 80/21
IQD0061 - LABORATÓRIO DE QUÍMICA FUNDAMENTAL; 02;2022;2;PAULO ANSELMO ZIANI SUAREZ;60h;6M1234;20;19;IQD AT 66/21
IQD0061 - LABORATÓRIO DE QUÍMICA FUNDAMENTAL; 03;2022;2;CARLOS MARTIN INFANTE CORDOVA;60h;3T2345;28;10;IQD AT 80/21
IQD0061 - LABORATÓRIO DE QUÍMICA FUNDAMENTAL; 04;2022;2;FLORIANO PASTORE JUNIOR;60h;3T2345;21;10;IQD AT 66/21
IQD0061 - LABORATÓRIO DE QUÍMICA FUNDAMENTAL; 05;2022;2;GERSON DE SOUZA MOL;60h;4N1234;32;15;IQD AT 80/21
IQD0061 - LABORATÓRIO DE QUÍMICA FUNDAMENTAL; 06;2022;2;EDUARDO LUIZ DIAS CAVALCANTI;60h;4N1234;20;14;IQD AT 66/21
IQD0063 - QUIMICA ANALITICA 1; 01;2022;2;TARCISIO SILVA DE ALMEIDA;60h;35T23;60;39;BSA S BT 26/10
IQD0063 - QUIMICA ANALITICA 1; 02;2022;2;RICARDO BASTOS CUNHA;60h;2N34 4N12;50;5;BSA S BT 34/13
IQD0065 - QUÍMICA ANALITICA 2; 01;2022;2;VALERIA REGINA BELLOTTO;60h;35T45;60;27;BSA S B1 19/10
IQD0065 - QUÍMICA ANALITICA 2; 02;2022;2;MARLY EIKO OSUGI;60h;3N12 5N34;50;28;BSA S BT 41/13
IQD0072 - INTRODUCAO A QUIMICA ORGANICA; 01;2022;2;GUILHERME DOTTO BRAND;60h;26M34;60;24;BSA S BT 26/10
IQD0092 - QUÍMICA INORGÂNICA BÁSICA; 01;2022;2;MARCELLO MOREIRA SANTOS;60h;2N12 4N34;50;18;BSA S BT 34/13
IQD0092 - QUÍMICA INORGÂNICA BÁSICA; 02;2022;2;INGRID TAVORA WEBER;60h;24T45;60;45;BSA S A2 16/30
IQD0092 - QUÍMICA INORGÂNICA BÁSICA; 03;2022;2;MARCELLO MOREIRA SANTOS;60h;46M34;60;40;BSA S B1 26/10
IQD0101 - TERMODINÂMICA QUÍMICA; 01;2022;2;GUILHERME DUARTE RAMOS MATOS;60h;3N34 5N12;50;12;BSA S BT 26/13
IQD0101 - TERMODINÂMICA QUÍMICA; 02;2022;2;FERNANDO DE MAGALHAES COUTINHO VIEIRA;60h;35T45;60;37;BSA S A2 16/30
IQD0103 - EQUILÍBRIO E CINÉTICA QUÍMICA; 01;2022;2;EDGARDO GARCIA;60h;35M34;55;21;BSA S BT 11/13
IQD0103 - EQUILÍBRIO E CINÉTICA QUÍMICA; 02;2022;2;DAVI ALEXSANDRO CARDOSO FERREIRA;60h;4N34 6N12;50;12;BSA S BT 41/13
IQD0105 - QUÍMICA QUÂNTICA; 01;2022;2;DANIEL FRANCISCO SCALABRINI MACHADO;60h;35T45;50;14;BSA S BT 26/13
IQD0118 - QUIMICA ANALITICA QUALITATIVA; 01;2022;2;JURANDIR RODRIGUES DE SOUZA;60h;35T23;60;30;BSA S BT 11/10
IQD0125 - QUIMICA GERAL TEORICA; 04;2022;2;MARCELO OLIVEIRA RODRIGUES;60h;24M34;80;53;BSA S A2 16/37
IQD0125 - QUIMICA GERAL TEORICA; 05;2022;2;EDGARDO GARCIA;20h;2M34 6T23;80;24;BSA S AT 14/15
IQD0125 - QUIMICA GERAL TEORICA; 05;2022;2;MARLY EIKO OSUGI;20h;2M34 6T23;80;24;BSA S AT 14/15
IQD0125 - QUIMICA GERAL TEORICA; 05;2022;2;FELIPE AZEVEDO RIOS SILVA;20h;2M34 6T23;80;24;BSA S AT 14/15
IQD0125 - QUIMICA GERAL TEORICA; 06;2022;2;DANIEL PERDIGAO NASS;60h;26T23;80;51;2T23(ICC ANF. 2) 6T2(ICC ANF. 6)
IQD0125 - QUIMICA GERAL TEORICA; 07;2022;2;DANIEL PERDIGAO NASS;60h;35T23;81;55;BSA S AT 14/15
IQD0125 - QUIMICA GERAL TEORICA; 08;2022;2;THAISSA PASQUALI FELIPPE ROSALBA;60h;6M34 4T45;80;36;BSA S A1 16/22
IQD0125 - QUIMICA GERAL TEORICA; 09;2022;2;KALINE AMARAL WANDERLEY;60h;35N34;80;47;BSA S A1 16/22
IQD0126 - QUIMICA GERAL EXPERIMENTAL; 05;2022;2;THAISSA PASQUALI FELIPPE ROSALBA;30h;2M34;24;23;IQD AT 80/21
IQD0126 - QUIMICA GERAL EXPERIMENTAL; 06;2022;2;JURANDIR RODRIGUES DE SOUZA;30h;3M34;24;22;IQD AT 80/21
IQD0126 - QUIMICA GERAL EXPERIMENTAL; 07;2022;2;KALINE AMARAL WANDERLEY;30h;4M12;24;21;IQD AT 80/21
IQD0126 - QUIMICA GERAL EXPERIMENTAL; 08;2022;2;DIEGO ELIAS HONDA;30h;4M12;24;22;IQD AT 66/21
IQD0126 - QUIMICA GERAL EXPERIMENTAL; 09;2022;2;JOSENAIDE PEREIRA DO NASCIMENTO;15h;3N12;24;15;IQD AT 66/21
IQD0126 - QUIMICA GERAL EXPERIMENTAL; 09;2022;2;FELIPE AZEVEDO RIOS SILVA;15h;3N12;24;15;IQD AT 66/21
IQD0126 - QUIMICA GERAL EXPERIMENTAL; 14;2022;2;ALINE LIMA DE OLIVEIRA PATERNO;15h;2M12;28;16;IQD AT 80/21
IQD0126 - QUIMICA GERAL EXPERIMENTAL; 14;2022;2;FELIPE AZEVEDO RIOS SILVA;15h;2M12;28;16;IQD AT 80/21
IQD0126 - QUIMICA GERAL EXPERIMENTAL; 15;2022;2;MARIA MARCIA MURTA;15h;3M34;25;21;IQD AT 66/21
IQD0126 - QUIMICA GERAL EXPERIMENTAL; 15;2022;2;FELIPE AZEVEDO RIOS SILVA;15h;3M34;25;21;IQD AT 66/21
IQD0126 - QUIMICA GERAL EXPERIMENTAL; 16;2022;2;FERNANDA VASCONCELOS DE ALMEIDA;30h;2M34;24;21;IQD AT 66/21
IQD0126 - QUIMICA GERAL EXPERIMENTAL; 17;2022;2;THAISSA PASQUALI FELIPPE ROSALBA;30h;3N12;24;21;IQD AT 80/21
IQD0126 - QUIMICA GERAL EXPERIMENTAL; 18;2022;2;KALINE AMARAL WANDERLEY;30h;2M12;24;19;IQD AT 66/21
IQD0126 - QUIMICA GERAL EXPERIMENTAL; 19;2022;2;FELIPE AZEVEDO RIOS SILVA;15h;2T23;25;20;IQD AT 80/21
IQD0126 - QUIMICA GERAL EXPERIMENTAL; 19;2022;2;CARLOS KLEBER ZAGO DE ANDRADE;15h;2T23;25;20;IQD AT 80/21
IQD0126 - QUIMICA GERAL EXPERIMENTAL; 20;2022;2;THAISSA PASQUALI FELIPPE ROSALBA;30h;4M34;24;14;IQD AT 80/21
IQD0126 - QUIMICA GERAL EXPERIMENTAL; 21;2022;2;GUILHERME DOTTO BRAND;15h;2T45;24;9;IQD AT 80/21
IQD0126 - QUIMICA GERAL EXPERIMENTAL; 21;2022;2;FELIPE AZEVEDO RIOS SILVA;15h;2T45;24;9;IQD AT 80/21
IQD0126 - QUIMICA GERAL EXPERIMENTAL; 27;2022;2;MARIA CLARA HORTENCIO CLEMENTE;30h;4M34;24;20;IQD AT 66/21
IQD0126 - QUIMICA GERAL EXPERIMENTAL; 28;2022;2;JURANDIR RODRIGUES DE SOUZA;30h;5M34;24;12;IQD AT 80/21
IQD0126 - QUIMICA GERAL EXPERIMENTAL; 29;2022;2;TARCISIO SILVA DE ALMEIDA;30h;5M34;24;10;IQD AT 66/21
IQD0126 - QUIMICA GERAL EXPERIMENTAL; 30;2022;2;MARIA JOSE ARAUJO SALES;30h;5T23;24;0;IQD AT 80/21
IQD0126 - QUIMICA GERAL EXPERIMENTAL; 31;2022;2;MARCOS ANDRIOLA GROSS;30h;5T23;24;16;IQD AT 66/21
IQD0126 - QUIMICA GERAL EXPERIMENTAL; 32;2022;2;DIEGO ELIAS HONDA;30h;5T45;24;19;IQD AT 80/21
IQD0126 - QUIMICA GERAL EXPERIMENTAL; 33;2022;2;MARIA JOSE ARAUJO SALES;30h;5T45;24;18;IQD AT 66/21
IQD0126 - QUIMICA GERAL EXPERIMENTAL; 34;2022;2;DIEGO ELIAS HONDA;30h;6T45;25;17;IQD AT 80/21
IQD0126 - QUIMICA GERAL EXPERIMENTAL; 35;2022;2;FELIPE AZEVEDO RIOS SILVA;15h;6T45;24;16;IQD AT 66/21
IQD0126 - QUIMICA GERAL EXPERIMENTAL; 35;2022;2;MARIA LUCILIA DOS SANTOS;15h;6T45;24;16;IQD AT 66/21
IQD0126 - QUIMICA GERAL EXPERIMENTAL; 36;2022;2;DIEGO ELIAS HONDA;30h;6N34;24;22;IQD AT 66/21
IQD0133 - FUNDAMENTOS DE QUIMICA ORGANICA; 01;2022;2;ALINE LIMA DE OLIVEIRA PATERNO;60h;35T23;60;33;BSA S BT 19/10
IQD0133 - FUNDAMENTOS DE QUIMICA ORGANICA; 02;2022;2;WENDER ALVES DA SILVA;60h;3N34 5N12;50;15;BSA S BT 41/13
IQD0133 - FUNDAMENTOS DE QUIMICA ORGANICA; 03;2022;2;MAURO VICENTINI CORREIA;60h;35M12;50;24;BSA S BT 26/13
IQD0137 - REAÇÕES ORGÂNICAS E SEUS MECANISMOS 1; 01;2022;2;ANGELO HENRIQUE DE LIRA MACHADO;60h;24M34;60;25;BSA S B1 19/10
IQD0137 - REAÇÕES ORGÂNICAS E SEUS MECANISMOS 1; 02;2022;2;WENDER ALVES DA SILVA;60h;3N12 5N34;60;15;BSA S B1 11/10
IQD0139 - QUÍMICA DOS ELEMENTOS DE TRANSIÇÃO; 01;2022;2;MARCELO OLIVEIRA RODRIGUES;60h;35N12;50;9;BSA S BT 47/13
IQD0139 - QUÍMICA DOS ELEMENTOS DE TRANSIÇÃO; 02;2022;2;MARCELO OLIVEIRA RODRIGUES;60h;24M12;60;34;BSA S A2 16/30
IQD0152 - INTRODUÇÃO À QUÍMICA TECNOLÓGICA; 01;2022;2;JEANE ESTELA AYRES DE LIMA;60h;24T45;45;21;BSA S B2 47/13
IQD0153 - QUÍMICA GERAL E INORGÂNICA; 01;2022;2;THAISSA PASQUALI FELIPPE ROSALBA;90h;24N34 5N12;75;43;BSA S A2 16/37
IQD0153 - QUÍMICA GERAL E INORGÂNICA; 02;2022;2;KATIA MARA DE OLIVEIRA;90h;246M12;75;55;46M12(ICC ANF. 5) 2M12(BSA S AT 14/15)
IQD0155 - TRABALHO DE CONCLUSÃO DE CURSO 1 - LICENCIATURA EM QUÍMICA; 01;2022;2;GERSON DE SOUZA MOL;30h;2N34;20;9;BSA S BT 19/13
IQD0156 - SEGURANÇA EM LABORATÓRIOS QUÍMICOS; 01;2022;2;MARIA JOSE ARAUJO SALES;30h;6T23;70;31;BSA S BT 54/13
IQD0161 - INTRODUÇÃO A MODELAGEM MOLECULAR; 01;2022;2;ERICA CRISTINA MORENO NASCIMENTO;60h;35M34;10;7;3M34(ICC BT 012/62) 5M34(BSA N A1 07/08)
IQD0167 - INTRODUÇÃO À ESPECTROSCOPIA ORGÂNICA; 01;2022;2;ALINE LIMA DE OLIVEIRA PATERNO;60h;35T56;60;36;BSA S B1 11/10
IQD0168 - LABORATÓRIO DE QUÍMICA ORGÂNICA; 01;2022;2;BRENNO AMARO DA SILVEIRA NETO;60h;2N1234;16;14;IQD BT 39/03
IQD0168 - LABORATÓRIO DE QUÍMICA ORGÂNICA; 02;2022;2;MARIA LUCILIA DOS SANTOS;60h;4T2345;16;14;IQD BT 39/03
IQD0168 - LABORATÓRIO DE QUÍMICA ORGÂNICA; 03;2022;2;BRENNO AMARO DA SILVEIRA NETO;60h;5M1234;16;15;IQD BT 39/03
IQD0168 - LABORATÓRIO DE QUÍMICA ORGÂNICA; 04;2022;2;MARIA MARCIA MURTA;60h;2M1234;16;15;IQD BT 39/03
IQD0173 - TÓPICOS EM QUÍMICA INORGÂNICA; 01;2022;2;SILVIA CLAUDIA LOUREIRO DIAS;60h;35M12;40;22;BSA S B2 54/10
IQD0178 - INTRODUÇÃO AO CURSO DE BACHARELADO EM QUÍMICA; 01;2022;2;MARCELLO MOREIRA SANTOS;30h;5T23;40;24;ICC AT- 097/8
IQD0187 - FUNDAMENTOS DE ANÁLISE INSTRUMENTAL 1; 01;2022;2;ANA CRISTI BASILE DIAS;60h;46T45;60;41;BSA S B1 11/10
IQD0191 - INTRODUÇÃO A QUIMICA MODERNA; 01;2022;2;ELAINE ROSE MAIA;60h;24T45;50;17;BSA S BT 47/13
IQD0191 - INTRODUÇÃO A QUIMICA MODERNA; 02;2022;2;DAVI ALEXSANDRO CARDOSO FERREIRA;60h;24N12;50;12;BSA S BT 41/13
IQD0192 - LABORATORIO DE FISICO-QUIMICA; 02;2022;2;LEONARDO GIORDANO PATERNO;60h;4M1234;15;8;IQD BT 53/3
IQD0192 - LABORATORIO DE FISICO-QUIMICA; 03;2022;2;MARIA JOSE ARAUJO SALES;60h;3T2345;15;15;IQD BT 53/3
IQD0192 - LABORATORIO DE FISICO-QUIMICA; 04;2022;2;JOSE ROBERTO DOS SANTOS POLITI;60h;3N1234;15;14;IQD BT 53/3
IQD0192 - LABORATORIO DE FISICO-QUIMICA; 05;2022;2;EDGARDO GARCIA;60h;5T2345;15;14;IQD BT 53/3
IQD0195 - EVOLUÇÃO DOS CONCEITOS DA QUÍMICA; 01;2022;2;GERSON DE SOUZA MOL;30h;3N12;25;2;IQD BT 35/3
IQD0199 - TRABALHO DE CONCLUSÃO DE CURSO 2-MONOGRAFIA DE LICENCIATURA EM QUÍMICA; 01;2022;2;RICARDO GAUCHE;30h;7N12;2;2;A designar
IQD0199 - TRABALHO DE CONCLUSÃO DE CURSO 2-MONOGRAFIA DE LICENCIATURA EM QUÍMICA; 02;2022;2;PATRICIA FERNANDES LOOTENS MACHADO;30h;7N12;1;0;a definir
IQD0199 - TRABALHO DE CONCLUSÃO DE CURSO 2-MONOGRAFIA DE LICENCIATURA EM QUÍMICA; 03;2022;2;EVELYN JENIFFER DE LIMA TOLEDO;20h;7N12;1;0;a definir
IQD0199 - TRABALHO DE CONCLUSÃO DE CURSO 2-MONOGRAFIA DE LICENCIATURA EM QUÍMICA; 04;2022;2;GERSON DE SOUZA MOL;30h;7N12;1;0;a definir
IQD0199 - TRABALHO DE CONCLUSÃO DE CURSO 2-MONOGRAFIA DE LICENCIATURA EM QUÍMICA; 05;2022;2;EDUARDO LUIZ DIAS CAVALCANTI;30h;7N12;1;0;a definir
IQD0199 - TRABALHO DE CONCLUSÃO DE CURSO 2-MONOGRAFIA DE LICENCIATURA EM QUÍMICA; 06;2022;2;DANIEL PERDIGAO NASS;30h;7N12;1;0;a definir
IQD0199 - TRABALHO DE CONCLUSÃO DE CURSO 2-MONOGRAFIA DE LICENCIATURA EM QUÍMICA; 07;2022;2;JHENIFFER MICHELINE CORTEZ;30h;7N12;1;0;a definir
IQD0206 - PRÁTICA DE ENSINO DE QUÍMICA 1; 01;2022;2;PATRICIA FERNANDES LOOTENS MACHADO;45h;7M2 4N12;20;19;IQD BT 21/3
IQD0212 - LABORATÓRIO DE SÍNTESE ORGÂNICA; 01;2022;2;CARLOS KLEBER ZAGO DE ANDRADE;60h;6M1234;16;16;IQD BT 39/03
IQD0213 - QUÍMICA BIOLÓGICA; 01;2022;2;MARIA LUCILIA DOS SANTOS;60h;35T23;60;9;BSA S BT 34/10
IQD0213 - QUÍMICA BIOLÓGICA; 02;2022;2;GUILHERME DOTTO BRAND;60h;4N34 6N12;30;5;BSA S B2 54/10
IQD0218 - MÉTODOS FÍSICOS APLICADOS À QUÍMICA INORGÂNICA; 01;2022;2;JOSE ALVES DIAS;60h;24M12;30;18;ICC BT 012/62
IQD0223 - LABORATÓRIO DE QUÍMICA INORGÂNICA; 01;2022;2;JULIO LEMOS DE MACEDO;60h;3M1234;16;16;IQD BT 057/03
IQD0226 - LABORATÓRIO DE ANÁLISE INSTRUMENTAL; 01;2022;2;FERNANDA VASCONCELOS DE ALMEIDA;60h;2T2345;15;6;IQD AT 30/21
IQD0226 - LABORATÓRIO DE ANÁLISE INSTRUMENTAL; 02;2022;2;ALEXANDRE FONSECA;60h;4T2345;15;14;IQD AT 30/21
IQD0228 - LABORATÓRIO DE QUÍMICA ANALÍTICA 2; 01;2022;2;VALERIA REGINA BELLOTTO;60h;4M1234;15;9;IQD AT 26/21
IQD0228 - LABORATÓRIO DE QUÍMICA ANALÍTICA 2; 02;2022;2;ANA CRISTI BASILE DIAS;60h;6M1234;15;14;IQD AT 26/21
IQD0228 - LABORATÓRIO DE QUÍMICA ANALÍTICA 2; 03;2022;2;JEZ WILLIAN BATISTA BRAGA;60h;6N1234;15;11;IQD AT 26/21
IQD0231 - TECNOLOGIA DA ÁGUA; 01;2022;2;GESLEY ALEX VELOSO MARTINS;30h;2T23;45;41;PAT AT 029
IQD0233 - TECNOLOGIA DO PETRÓLEO; 01;2022;2;VIANNEY OLIVEIRA DOS SANTOS JÚNIOR;30h;6M12;45;20;BSA S BT 47/13
IQD0234 - TECNOLOGIA DOS COSMÉTICOS; 01;2022;2;FLORIANO PASTORE JUNIOR;30h;5T45;45;16;BSA S B2 47/10
IQD0236 - TECNOLOGIA DOS POLÍMEROS; 01;2022;2;FABRICIO MACHADO SILVA;30h;2T45;48;46;BSA S B2 41/13
IQD0237 - INTRODUÇÃO AO CURSO DE LICENCIATURA EM QUÍMICA; 01;2022;2;RICARDO GAUCHE;30h;2N34;40;17;BSA S B1 41/13
IQD0238 - LABORATÓRIO DE QUÍMICA TECNOLÓGICA; 01;2022;2;MARIA BETANIA D HENI TEIXEIRA;30h;5M34;15;1;IQD AT 62/21
IQD0242 - ESTÁGIO EM REGÊNCIA NO ENSINO DE QUÍMICA 2; 01;2022;2;EVELYN JENIFFER DE LIMA TOLEDO;90h;7T2345 2N34;20;15;IQD BT 21/3
IQD0245 - QUÍMICA ORGÂNICA FUNDAMENTAL; 01;2022;2;KALINE AMARAL WANDERLEY;60h;4N1234;60;44;BSA S A2 16/30
IQD0245 - QUÍMICA ORGÂNICA FUNDAMENTAL; 02;2022;2;MAURO VICENTINI CORREIA;60h;5M34 2T23;60;45;BSA S B1 26/10
IQD0245 - QUÍMICA ORGÂNICA FUNDAMENTAL; 03;2022;2;MARIA MARCIA MURTA;60h;35T23;60;52;BSA S A2 16/30
IQD0250 - ANÁLISE DE RECURSOS DIDÁTICOS PARA O ENSINO DE QUÍMICA; 01;2022;2;RICARDO GAUCHE;30h;6N34;33;29;IQD BT 35/3
IQD0252 - QUÍMICA GERAL E ORGÂNICA TEÓRICA; 01;2022;2;KALINE AMARAL WANDERLEY;60h;26M34;60;51;BSA S BT 19/10
IQD0252 - QUÍMICA GERAL E ORGÂNICA TEÓRICA; 02;2022;2;DIEGO ELIAS HONDA;60h;26M34;60;38;BSA S BT 11/10
IQD0255 - MODALIDADES DIDÁTICAS PARA O ENSINO DE QUÍMICA; 01;2022;2;RICARDO GAUCHE;30h;2N12;40;15;IQD BT 35/03
IQD0257 - CONCEITOS FUNDAMENTAIS EM QUÍMICA; 01;2022;2;CYRO LUCAS SILVA CHAGAS;60h;35N12;46;40;BSA S B1 19/13
IQD0258 - FILOSOFIA DA CIÊNCIA E ENSINO CIÊNCIA-TECNOLOGIA-SOCIEDADE; 01;2022;2;PATRICIA FERNANDES LOOTENS MACHADO;30h;3N34;24;22;IQD BT 21/3
IQD0259 - PRINCÍPIOS DE EQUILÍBRIOS QUÍMICOS; 01;2022;2;GABRIEL SILVA VIGNOLI MUNIZ;30h;5M12;50;35;BSA S BT 34/13
IQD0259 - PRINCÍPIOS DE EQUILÍBRIOS QUÍMICOS; 02;2022;2;JHENIFFER MICHELINE CORTEZ;30h;2N34;50;33;BSA S BT 11/13
IQD0259 - PRINCÍPIOS DE EQUILÍBRIOS QUÍMICOS; 03;2022;2;KATIA MARA DE OLIVEIRA;30h;6T23;50;48;BSA S B1 54/13
IQD0260 - CÁLCULOS BÁSICOS DE QUÍMICA; 01;2022;2;JHENIFFER MICHELINE CORTEZ;30h;3N12;61;35;BSA S A2 16/30
IQD0260 - CÁLCULOS BÁSICOS DE QUÍMICA; 02;2022;2;RICARDO BASTOS CUNHA;30h;2T23;55;49;BSA S BT 19/13
IQD0262 - ESTRUTURA ATÔMICA E LIGAÇÕES QUÍMICAS; 01;2022;2;GABRIEL SILVA VIGNOLI MUNIZ;30h;2M12;50;36;BSA S B1 54/13
IQD0262 - ESTRUTURA ATÔMICA E LIGAÇÕES QUÍMICAS; 02;2022;2;EVELYN JENIFFER DE LIMA TOLEDO;30h;5N12;50;28;BSA S BT 34/13
IQD0263 - PRINCÍPIOS DA TERMODINÂMICA E CINÉTICA QUÍMICA; 01;2022;2;EVELYN JENIFFER DE LIMA TOLEDO;30h;4N12;50;46;BSA S BT 19/13
IQD0263 - PRINCÍPIOS DA TERMODINÂMICA E CINÉTICA QUÍMICA; 02;2022;2;JOSENAIDE PEREIRA DO NASCIMENTO;30h;4M12;50;36;BSA S BT 41/13
IQD0264 - PRÁTICA DE ENSINO DE QUÍMICA 2; 01;2022;2;EVELYN JENIFFER DE LIMA TOLEDO;45h;7M3 4N34;20;16;IQD BT 21/3
IQD0265 - INTRODUÇÃO AO CURSO DE QUÍMICA TECNOLÓGICA; 01;2022;2;SARAH SILVA BRUM;30h;5T23;40;13;ICC AT - 079/8
IQD0266 - FENÔMENOS DE TRANSPORTE DE MASSA, ENERGIA E MOMENTUM; 01;2022;2;GESLEY ALEX VELOSO MARTINS;60h;46M34;40;14;BSA S B2 47/13
IQD0268 - ELEMENTOS DE OPERAÇÕES UNITÁRIAS; 01;2022;2;SARAH SILVA BRUM;60h;46M34;40;9;BSA S AT 14/15
IQD0269 - LABORATÓRIO DE ELEMENTOS DE OPERAÇÕES UNITÁRIAS; 02;2022;2;SARAH SILVA BRUM;30h;3M34;15;12;IQD AT 62/21
IQD0278 - TECNOLOGIA DE INDÚSTRIA DE BASE INORGÂNICA; 01;2022;2;PAULO ANSELMO ZIANI SUAREZ;30h;6T23;50;49;BSA S B2 34/10
IQD0279 - PRÁTICA INTERDISCIPLINAR EM ENSINO DE QUÍMICA 1; 01;2022;2;PATRICIA FERNANDES LOOTENS MACHADO;45h;7M1 3N12;20;18;IQD BT 21/3
IQD0282 - REAÇÕES QUÍMICAS E O AMBIENTE; 01;2022;2;DIEGO ELIAS HONDA;60h;35N12;45;26;BSA S B1 26/13
IQD0288 - TÓPICOS EM QUÍMICA AMBIENTAL; 01;2022;2;FERNANDA VASCONCELOS DE ALMEIDA;60h;6N1234;20;14;BSA S BT 54/13
IQD0292 - GERENCIAMENTO DE RESÍDUOS E SOLOS CONTAMINADOS; 01;2022;2;FERNANDO FABRIZ SODRE;60h;35N34;35;23;BSA S B1 34/10
IQD0296 - FUNDAMENTOS DE FÍSICO-QUÍMICA; 01;2022;2;ELAINE ROSE MAIA;60h;2N12 4N34;50;34;BSA S BT 47/13
IQD0296 - FUNDAMENTOS DE FÍSICO-QUÍMICA; 02;2022;2;GABRIEL SILVA VIGNOLI MUNIZ;60h;35M34;60;28;BSA S A2 16/30
IQD0296 - FUNDAMENTOS DE FÍSICO-QUÍMICA; 03;2022;2;JOSENAIDE PEREIRA DO NASCIMENTO;60h;46M34;50;22;BSA S BT 47/13
IQD0297 - INTRODUÇÃO À ENGENHARIA QUÍMICA; 01;2022;2;ALEXANDRE PEREZ UMPIERRE;30h;5T23;40;10;ICC BT 168
IQD0298 - CINÉTICA DOS REATORES QUÍMICOS; 01;2022;2;JOSE JOAQUIN LINARES LEON;60h;24T23;45;1;PAT AT 092
IQD0299 - TECNOLOGIA DE RECICLAGEM DE MATERIAIS; 01;2022;2;PAULO ANSELMO ZIANI SUAREZ;30h;6T45;45;27;BSA S B2 41/10
DPG0216 - DINÂMICA DE ESTRUTURAS; 01;2022;2;ADRIANO TODOROVIC FABRO;60h;4T2345;3;3;a definir
DPG0248 - COMPORTAMENTO MECÂNICO DOS SÓLIDOS; 01;2022;2;EDGAR NOBUO MAMIYA;60h;46T45;1;3;a definir
DPG0277 - METALURGIA FÍSICA; 03;2022;2;COSME ROBERTO MOREIRA DA SILVA;60h;35T23;1;1;DT 52/15
DPG0310 - MECÂNICA DA FRATURA; 01;2022;2;JOSE ALEXANDER ARAUJO;60h;2T2345;2;3;a definir
DPG0424 - TERMODINÂMICA CLÁSSICA; 01;2022;2;TAYGOARA FELAMINGO DE OLIVEIRA;60h;35M5 35T1;1;1;não mencionado
DPG0433 - VIBRAÇÕES MECÂNICAS; 01;2022;2;ALINE SOUZA DE PAULA;60h;3T2345;1;0;SECRETARIA DT 77/21
DPG0670 - DINÂMICA DOS FLUÍDOS; 02;2022;2;TAYGOARA FELAMINGO DE OLIVEIRA;60h;24T23;1;1;GT 11/20 (Bloco G)
DPG1128 - MECÂNICA DO CONTATO COMPUTACIONAL; 01;2022;2;THIAGO DE CARVALHO RODRIGUES DOCA;60h;35M5 35T1;1;1;A1 49/18 (SG9)
DPG1234 - ELEMENTOS FINITOS PARA ANÁLISE DE VIBRAÇÕES; 01;2022;2;MARCELA RODRIGUES MACHADO;60h;5T2345 (25/10/2022 - 18/02/2023);4;3;a definir
ENM0002 - INTRODUÇÃO À EXPLORAÇÃO DE PETRÓLEO EM ALTO MAR; 01;2022;2;EUGENIO LIBORIO FEITOSA FORTALEZA;30h;6M12;30;24;DT 25/15
ENM0003 - FUNDAMENTOS DE ENGENHARIA DE RESERVATÓRIO; 01;2022;2;EUGENIO LIBORIO FEITOSA FORTALEZA;30h;6M34;30;14;DT 25/15
ENM0027 - TECNOLOGIAS DE COMANDO NUMERICO; 01;2022;2;ALBERTO JOSE ALVARES;60h;24M34;30;13;DT 25-15
ENM0066 - TÓPICOS ESPECIAIS EM ENGENHARIA MECATRÔNICA; 01;2022;2;JONES YUDI MORI ALVES DA SILVA;60h;6M1234;20;19;ULEG FT SALA 05
ENM0068 - TERMODINAMICA 1; 01;2022;2;ARMANDO DE AZEVEDO CALDEIRA PIRES;60h;35T45;40;29;DT 11-15
ENM0068 - TERMODINAMICA 1; 03;2022;2;MARIO BENJAMIM BAPTISTA DE SIQUEIRA;60h;46M34;45;41;DT 52-15
ENM0069 - TERMODINAMICA 2; 01;2022;2;SIMONE MONTEIRO E SILVA;60h;35M34;30;17;GT 11-20
ENM0070 - MAQUINAS TERMICAS; 01;2022;2;CARLOS ALBERTO GURGEL VERAS;15h;35T45 6T4;25;18;DT 16-15
ENM0070 - MAQUINAS TERMICAS; 02;2022;2;CARLOS ALBERTO GURGEL VERAS;75h;35T45 6T5;20;4;DT 16-15
ENM0071 - TRANSFERENCIA DE CALOR; 01;2022;2;EDGAR AMARAL SILVEIRA;30h;246M34;80;25;DT 11-15
ENM0071 - TRANSFERENCIA DE CALOR; 01;2022;2;TAYGOARA FELAMINGO DE OLIVEIRA;60h;246M34;80;25;DT 11-15
ENM0071 - TRANSFERENCIA DE CALOR; 02;2022;2;EDGAR AMARAL SILVEIRA;30h;246M34;45;4;DT 11-15
ENM0071 - TRANSFERENCIA DE CALOR; 02;2022;2;ANTONIO CESAR PINHO BRASIL JUNIOR;60h;246M34;45;4;DT 11-15
ENM0072 - INSTALACOES TERMOMECANICAS 1; 01;2022;2;JOAO MANOEL DIAS PIMENTA;60h;35T45;45;28;DT 52-15
ENM0073 - INSTALACOES TERMOMECANICAS 2; 01;2022;2;JOAO MANOEL DIAS PIMENTA;60h;46T45;45;14;DT 52-15
ENM0076 - TOPICOS ESPECIAIS EM SISTEMAS TERMICOS; 01;2022;2;SIMONE MONTEIRO E SILVA;60h;24M34;30;7;GT 11-20
ENM0080 - FENOMENOS DE TRANSPORTE; 01;2022;2;BRAULIO GUTIERREZ PIMENTA;75h;4T23 6T234;45;37;BT 43-15
ENM0082 - MECANICA DOS FLUIDOS 2; 01;2022;2;FRANCISCO RICARDO DA CUNHA;75h;24M34 6M3;20;4;SG9 - VORTEX 1
ENM0082 - MECANICA DOS FLUIDOS 2; 02;2022;2;ANDRE VON BORRIES LOPES;75h;35M34 6M4;20;19;SG9 - VORTEX 1
ENM0083 - SISTEMAS FLUIDO-MECANICOS 1; 01;2022;2;ROBERTO FRANCISCO BOBENRIETH MISERDA;60h;46M34;50;18;SG9 - A1 49-18
ENM0084 - SISTEMAS HIDRAULICOS E PNEUMATICOS; 01;2022;2;AIDA ALVES FADEL;30h;35M34;13;12;TER: SG9 - A1 49/18 QUI: GRACO LAB SHP
ENM0084 - SISTEMAS HIDRAULICOS E PNEUMATICOS; 02;2022;2;AIDA ALVES FADEL;60h;3M34 5T23;13;4;TER: SG9 - A1 49/18 QUI: GRACO LAB SHP
ENM0084 - SISTEMAS HIDRAULICOS E PNEUMATICOS; 03;2022;2;AIDA ALVES FADEL;30h;3M34 3T23;13;4;TER: GRACO LAB SHP TER: SG9 - A1 49/18
ENM0090 - MATERIAIS DE CONSTRUCAO MECANICA 1; 01;2022;2;COSME ROBERTO MOREIRA DA SILVA;30h;24M12 6M34;15;9;DT 16-15
ENM0090 - MATERIAIS DE CONSTRUCAO MECANICA 1; 02;2022;2;COSME ROBERTO MOREIRA DA SILVA;30h;24M12 6T45;15;4;DT 16-15
ENM0090 - MATERIAIS DE CONSTRUCAO MECANICA 1; 03;2022;2;COSME ROBERTO MOREIRA DA SILVA;60h;246M12;15;13;DT 16-15
ENM0091 - MATERIAIS DE CONSTRUCAO MECANICA 2; 01;2022;2;ALYSSON MARTINS ALMEIDA SILVA;60h;34T23;15;7;DT 25-15
ENM0091 - MATERIAIS DE CONSTRUCAO MECANICA 2; 02;2022;2;ALYSSON MARTINS ALMEIDA SILVA;30h;36T23;15;6;DT 25-15
ENM0091 - MATERIAIS DE CONSTRUCAO MECANICA 2; 03;2022;2;ALYSSON MARTINS ALMEIDA SILVA;30h;35T23;15;14;DT 25-15
ENM0093 - TECNOLOGIA MECANICA 2; 01;2022;2;GUILHERME CARIBE DE CARVALHO;30h;2M34 4T45;20;10;SEG: DT 16-15 /QUA: 16-15
ENM0093 - TECNOLOGIA MECANICA 2; 02;2022;2;GUILHERME CARIBE DE CARVALHO;60h;2M34 4T23;21;20;SEG: DT 16-15 /QUA: DT 16-15
ENM0097 - TOPICOS ESPECIAIS EM MECANICA APLICADA; 01;2022;2;JORGE LUIZ DE ALMEIDA FERREIRA;60h;2M1234;15;2;SG9 A1 49/18
ENM0106 - MAQUINAS DE ELEVACAO E TRANSPORTE; 01;2022;2;THIAGO DE CARVALHO RODRIGUES DOCA;60h;35M12;40;3;SG9 - A1 49-18
ENM0109 - VIBRACOES 1; 01;2022;2;ALINE SOUZA DE PAULA;30h;35M34 4T45;20;5;TER e QUI: DT 34/15, QUA: LAB
ENM0109 - VIBRACOES 1; 01;2022;2;MARCELA RODRIGUES MACHADO;30h;35M34 4T45;20;5;TER e QUI: DT 34/15, QUA: LAB
ENM0109 - VIBRACOES 1; 02;2022;2;ALINE SOUZA DE PAULA;30h;35M34 4T23;20;6;TER e QUI: DT 34/15, QUA: LAB
ENM0109 - VIBRACOES 1; 02;2022;2;MARCELA RODRIGUES MACHADO;30h;35M34 4T23;20;6;TER e QUI: DT 34/15, QUA: LAB
ENM0113 - INTRODUCAO A MECANICA EXPERIMENTAL; 01;2022;2;LUIS AUGUSTO CONTE MENDES VELOSO;60h;35T45;20;4;SG9 A1 49-18
ENM0120 - MECANICA 1; 01;2022;2;EDGAR NOBUO MAMIYA;60h;46T23;40;10;DT 11-15
ENM0120 - MECANICA 1; 02;2022;2;LUCIVAL MALCHER;60h;46T23;45;24;DT 11-15
ENM0120 - MECANICA 1; 03;2022;2;LUIS AUGUSTO CONTE MENDES VELOSO;60h;24T45;40;26;DT 25-15
ENM0120 - MECANICA 1; 04;2022;2;FABIO COMES DE CASTRO;60h;35T23;45;39;DT 43-15
ENM0121 - MECANICA 2; 01;2022;2;JOSE MAURICIO SANTOS TORRES DA MOTTA;60h;24M12;60;45;DT 34-15
ENM0121 - MECANICA 2; 02;2022;2;MARIO OLAVO MAGNO DE CARVALHO;60h;24T45;60;18;DT 43-15
ENM0122 - PROJETO DE MAQUINAS 1; 01;2022;2;ANTONIO MANOEL DIAS HENRIQUES;60h;24M12;45;25;DT 11-15
ENM0123 - PROJETO DE MAQUINAS 2; 01;2022;2;DIANNE MAGALHAES VIANA;60h;35M34;40;15;DT 25-15
ENM0124 - PROJETO DE SISTEMAS MECANICOS; 01;2022;2;ANTONIO MANOEL DIAS HENRIQUES;60h;35M34;40;18;DT 43-15
ENM0126 - INTRODUÇÃO À CIÊNCIA DOS MATERIAIS; 01;2022;2;DANIEL MONTEIRO ROSA;45h;6M134;20;19;DT 34-15
ENM0126 - INTRODUÇÃO À CIÊNCIA DOS MATERIAIS; 02;2022;2;DANIEL MONTEIRO ROSA;15h;6M234;20;20;DT 34-15
ENM0126 - INTRODUÇÃO À CIÊNCIA DOS MATERIAIS; 03;2022;2;PALLOMA VIEIRA MUTERLLE;45h;2N12 6N3;20;16;DT 52-15
ENM0126 - INTRODUÇÃO À CIÊNCIA DOS MATERIAIS; 04;2022;2;PALLOMA VIEIRA MUTERLLE;15h;2N12 6N4;20;4;DT 52-15
ENM0126 - INTRODUÇÃO À CIÊNCIA DOS MATERIAIS; 05;2022;2;PALLOMA VIEIRA MUTERLLE;45h;4M34 6M3;20;16;DT 34-15
ENM0126 - INTRODUÇÃO À CIÊNCIA DOS MATERIAIS; 06;2022;2;PALLOMA VIEIRA MUTERLLE;15h;4M34 6M4;20;13;DT 34-15
ENM0127 - TECNOLOGIA DE FABRICACAO 1; 01;2022;2;DEBORAH DE OLIVEIRA;15h;2M4 5M12;30;9;DT 34-15
ENM0127 - TECNOLOGIA DE FABRICACAO 1; 02;2022;2;DEBORAH DE OLIVEIRA;45h;2M3 5M12;30;6;DT 34-15
ENM0128 - TRANSPORTE DE CALOR E MASSA; 01;2022;2;ADRIANO POSSEBON ROSA;60h;35M34;45;18;DT 16-15
ENM0128 - TRANSPORTE DE CALOR E MASSA; 02;2022;2;ANDRE VON BORRIES LOPES;60h;35N12;45;28;DT 52-15
ENM0129 - PROJETO DE GRADUACAO 1; 01;2022;2;MARCUS VINICIUS GIRAO DE MORAIS;30h;6N34;1;0;Local à definir.
ENM0129 - PROJETO DE GRADUACAO 1; 02;2022;2;AIDA ALVES FADEL;30h;6N12;4;0;Local à definir.
ENM0129 - PROJETO DE GRADUACAO 1; 03;2022;2;DEBORAH DE OLIVEIRA;30h;6N12;4;0;Local à definir.
ENM0129 - PROJETO DE GRADUACAO 1; 04;2022;2;LUIS AUGUSTO CONTE MENDES VELOSO;30h;56T1;4;1;Local à definir.
ENM0129 - PROJETO DE GRADUACAO 1; 05;2022;2;ANDRE VON BORRIES LOPES;30h;7N12;4;1;Local à definir.
ENM0129 - PROJETO DE GRADUACAO 1; 06;2022;2;MARIO BENJAMIM BAPTISTA DE SIQUEIRA;30h;6N12;4;2;Local à definir.
ENM0129 - PROJETO DE GRADUACAO 1; 07;2022;2;LUCIVAL MALCHER;30h;6N12;4;3;Local à definir.
ENM0129 - PROJETO DE GRADUACAO 1; 08;2022;2;ALBERTO CARLOS GUIMARAES CASTRO DINIZ;30h;6N12;4;0;Local à definir.
ENM0129 - PROJETO DE GRADUACAO 1; 09;2022;2;MAKSYM ZIBEROV;30h;7N12;4;0;Local à definir.
ENM0129 - PROJETO DE GRADUACAO 1; 10;2022;2;ALYSSON MARTINS ALMEIDA SILVA;30h;6N12;4;1;Local à definir.
ENM0129 - PROJETO DE GRADUACAO 1; 11;2022;2;EDGAR AMARAL SILVEIRA;30h;7M12;4;1;Local à definir.
ENM0129 - PROJETO DE GRADUACAO 1; 12;2022;2;JOSE ALEXANDER ARAUJO;30h;7M12;4;2;Local à definir.
ENM0129 - PROJETO DE GRADUACAO 1; 13;2022;2;THIAGO DE CARVALHO RODRIGUES DOCA;30h;7M12;4;1;Local à definir.
ENM0129 - PROJETO DE GRADUACAO 1; 14;2022;2;JOSE LEONARDO FERREIRA;15h;6N34;1;1;a definir
ENM0129 - PROJETO DE GRADUACAO 1; 14;2022;2;CARLOS HUMBERTO LLANOS QUINTERO;15h;6N34;1;1;a definir
ENM0129 - PROJETO DE GRADUACAO 1; 15;2022;2;RAFAEL GABLER GONTIJO;30h;6N34;4;0;a definir
ENM0129 - PROJETO DE GRADUACAO 1; 16;2022;2;ADRIANO TODOROVIC FABRO;30h;6N34;4;0;a definir
ENM0129 - PROJETO DE GRADUACAO 1; 17;2022;2;SIMONE MONTEIRO E SILVA;30h;6N34;4;0;a definir
ENM0129 - PROJETO DE GRADUACAO 1; 18;2022;2;GUILHERME CARIBE DE CARVALHO;30h;6N34;4;1;a definir
ENM0129 - PROJETO DE GRADUACAO 1; 19;2022;2;EVANDRO LEONARDO SILVA TEIXEIRA;15h;5N34;1;0;a definir
ENM0129 - PROJETO DE GRADUACAO 1; 19;2022;2;MARCUS VINICIUS GIRAO DE MORAIS;15h;5N34;1;0;a definir
ENM0129 - PROJETO DE GRADUACAO 1; 20;2022;2;BRAULIO GUTIERREZ PIMENTA;30h;6N34;1;1;a definir
ENM0129 - PROJETO DE GRADUACAO 1; 21;2022;2;JOAO MANOEL DIAS PIMENTA;30h;6N12;4;2;a definir
ENM0129 - PROJETO DE GRADUACAO 1; 22;2022;2;ANTONIO CESAR PINHO BRASIL JUNIOR;30h;6N12;4;1;a definir
ENM0129 - PROJETO DE GRADUACAO 1; 23;2022;2;ROBERTO FRANCISCO BOBENRIETH MISERDA;30h;6N12;4;0;a definir
ENM0129 - PROJETO DE GRADUACAO 1; 24;2022;2;MARCELA RODRIGUES MACHADO;30h;6N12;4;2;a definir
ENM0129 - PROJETO DE GRADUACAO 1; 25;2022;2;BRAULIO GUTIERREZ PIMENTA;30h;6N12;4;1;a definir
ENM0129 - PROJETO DE GRADUACAO 1; 26;2022;2;JORGE LUIZ DE ALMEIDA FERREIRA;30h;7T12;4;1;a definir
ENM0130 - PROJETO DE GRADUACAO 2; 01;2022;2;DIANNE MAGALHAES VIANA;90h;7T123456;4;0;Local à definir.
ENM0130 - PROJETO DE GRADUACAO 2; 02;2022;2;DEBORAH DE OLIVEIRA;90h;7T123456;4;2;Local à definir.
ENM0130 - PROJETO DE GRADUACAO 2; 03;2022;2;JOAO MANOEL DIAS PIMENTA;90h;7T123456;4;0;Local à definir.
ENM0130 - PROJETO DE GRADUACAO 2; 04;2022;2;MAKSYM ZIBEROV;90h;7T123456;4;1;Local à definir.
ENM0130 - PROJETO DE GRADUACAO 2; 05;2022;2;LUCIVAL MALCHER;90h;7T123456;4;1;Local à definir.
ENM0130 - PROJETO DE GRADUACAO 2; 06;2022;2;CARLOS ALBERTO GURGEL VERAS;90h;7T123456;4;0;Local à definir.
ENM0130 - PROJETO DE GRADUACAO 2; 07;2022;2;ALBERTO CARLOS GUIMARAES CASTRO DINIZ;90h;7T123456;4;2;Local à definir.
ENM0130 - PROJETO DE GRADUACAO 2; 08;2022;2;ANDRE VON BORRIES LOPES;90h;7T123456;4;2;Local à definir.
ENM0130 - PROJETO DE GRADUACAO 2; 09;2022;2;EDGAR AMARAL SILVEIRA;90h;7T123456;4;0;Local à definir.
ENM0130 - PROJETO DE GRADUACAO 2; 10;2022;2;EDER LIMA DE ALBUQUERQUE;90h;7T123456;4;0;Local à definir.
ENM0130 - PROJETO DE GRADUACAO 2; 11;2022;2;THIAGO DE CARVALHO RODRIGUES DOCA;90h;7T123456;4;0;Local à definir.
ENM0130 - PROJETO DE GRADUACAO 2; 12;2022;2;ALYSSON MARTINS ALMEIDA SILVA;90h;7T123456;4;3;Local à definir.
ENM0130 - PROJETO DE GRADUACAO 2; 13;2022;2;ADRIANO TODOROVIC FABRO;90h;7T123456;4;2;Local à definir.
ENM0130 - PROJETO DE GRADUACAO 2; 14;2022;2;BRAULIO GUTIERREZ PIMENTA;90h;7T123456;4;2;Local à definir.
ENM0130 - PROJETO DE GRADUACAO 2; 15;2022;2;FRANCISCO RICARDO DA CUNHA;90h;7T123456;4;0;Local à definir.
ENM0130 - PROJETO DE GRADUACAO 2; 16;2022;2;MARCUS VINICIUS GIRAO DE MORAIS;90h;7T123456;4;2;Local à definir.
ENM0130 - PROJETO DE GRADUACAO 2; 17;2022;2;TAYGOARA FELAMINGO DE OLIVEIRA;90h;7T123456;4;0;a definir
ENM0130 - PROJETO DE GRADUACAO 2; 18;2022;2;MARIO BENJAMIM BAPTISTA DE SIQUEIRA;90h;7T123456;4;1;a definir
ENM0130 - PROJETO DE GRADUACAO 2; 19;2022;2;FABIO COMES DE CASTRO;90h;7T123456;4;0;a definir
ENM0130 - PROJETO DE GRADUACAO 2; 20;2022;2;JOSE ALEXANDER ARAUJO;90h;7T123456;4;2;a definir
ENM0130 - PROJETO DE GRADUACAO 2; 21;2022;2;ARMANDO DE AZEVEDO CALDEIRA PIRES;90h;7T123456;4;1;a definir
ENM0130 - PROJETO DE GRADUACAO 2; 22;2022;2;AIDA ALVES FADEL;90h;7M12345 7T1;4;1;a definir
ENM0130 - PROJETO DE GRADUACAO 2; 23;2022;2;LUIS AUGUSTO CONTE MENDES VELOSO;90h;7M12345 7T1;4;0;a definir
ENM0130 - PROJETO DE GRADUACAO 2; 24;2022;2;RAFAEL GABLER GONTIJO;90h;7T56 7N1234;4;1;a definir
ENM0130 - PROJETO DE GRADUACAO 2; 25;2022;2;JOSE LEONARDO FERREIRA;30h;7T56 7N1234;2;0;a definir
ENM0130 - PROJETO DE GRADUACAO 2; 25;2022;2;CARLOS HUMBERTO LLANOS QUINTERO;60h;7T56 7N1234;2;0;a definir
ENM0130 - PROJETO DE GRADUACAO 2; 26;2022;2;MARCUS VINICIUS GIRAO DE MORAIS;60h;7T56 7N1234;2;0;a definir
ENM0130 - PROJETO DE GRADUACAO 2; 26;2022;2;EVANDRO LEONARDO SILVA TEIXEIRA;30h;7T56 7N1234;2;0;a definir
ENM0130 - PROJETO DE GRADUACAO 2; 27;2022;2;JORGE LUIZ DE ALMEIDA FERREIRA;90h;7T56 7N1234;4;1;a definir
ENM0131 - DESENHO MECANICO ASSISTIDO POR COMPUTADOR 1; 02;2022;2;MARCUS VINICIUS GIRAO DE MORAIS;60h;3T2345 5T45;45;32;TER: SALA 2 LCCC ULEG FT QUI: DT 43-15
ENM0131 - DESENHO MECANICO ASSISTIDO POR COMPUTADOR 1; 02;2022;2;ALBERTO CARLOS GUIMARAES CASTRO DINIZ;30h;3T2345 5T45;45;32;TER: SALA 2 LCCC ULEG FT QUI: DT 43-15
ENM0132 - DESENHO MECANICO ASSISTIDO POR COMPUTADOR 2; 01;2022;2;ALBERTO CARLOS GUIMARAES CASTRO DINIZ;60h;24M34;50;40;Sala 02 LCCC ULEG-FT
ENM0134 - SISTEMAS INTEGRADOS DE MANUFATURA; 01;2022;2;EUGENIO LIBORIO FEITOSA FORTALEZA;60h;56T23;45;18;DT 16-15
ENM0140 - MECANICA DOS FLUIDOS 1; 01;2022;2;JOSE LUIZ ALVES DA FONTOURA RODRIGUES;75h;46M12 5T4;45;10;QUA/SEX: DT 43-15 QUI: LAB
ENM0140 - MECANICA DOS FLUIDOS 1; 02;2022;2;RAFAEL GABLER GONTIJO;75h;35M34 6M3;45;13;SG9 - VORTEX 1
ENM0142 - SOLDAGEM; 01;2022;2;MAKSYM ZIBEROV;60h;46T23;30;8;DT 34-15
ENM0143 - INTRODUCAO A ENGENHARIA MECANICA; 01;2022;2;JOAO MANOEL DIAS PIMENTA;30h;2M12;45;13;DT 52-15
ENM0145 - METROLOGIA; 01;2022;2;ANTONIO PIRATELLI FILHO;60h;35M12;36;34;DT 11-15
ENM0145 - METROLOGIA; 02;2022;2;ANTONIO PIRATELLI FILHO;30h;3M12 5M34;30;4;DT 11-15
ENM0146 - TECNOLOGIA MECANICA 1; 01;2022;2;DEBORAH DE OLIVEIRA;60h;3M12 5T23;25;7;DT 34-15
ENM0146 - TECNOLOGIA MECANICA 1; 02;2022;2;DEBORAH DE OLIVEIRA;30h;35T23;25;24;DT 34-15
ENM0158 - AERODINAMICA; 01;2022;2;BRAULIO GUTIERREZ PIMENTA;60h;24T45;45;6;SECRETARIA DT 77/15
ENM0160 - METODOS NUMERICOS EM TERMOFLUIDOS; 01;2022;2;ADRIANO POSSEBON ROSA;60h;6T2345;20;10;Sala 04 LCCC ULEG - FT
ENM0164 - MECANICA DOS MATERIAIS 1; 01;2022;2;EDER LIMA DE ALBUQUERQUE;60h;35M34;45;35;DT 11-15
ENM0164 - MECANICA DOS MATERIAIS 1; 02;2022;2;JOSE ALEXANDER ARAUJO;60h;35M34;45;16;DT 52-15
ENM0165 - MECANICA DOS MATERIAIS 2; 01;2022;2;JORGE LUIZ DE ALMEIDA FERREIRA;60h;35M12;40;16;DT 25-15
ENM0165 - MECANICA DOS MATERIAIS 2; 02;2022;2;EDER LIMA DE ALBUQUERQUE;60h;24T45;40;7;DT 11-15
ENM0168 - ROBOTICA INDUSTRIAL 1; 01;2022;2;WALTER DE BRITTO VIDAL FILHO;60h;24T45;20;5;GRACO A1 14 - 83
ENM0169 - ELEMENTOS FINITOS PARA ENGENHARIA MECANICA; 01;2022;2;LUCIVAL MALCHER;60h;35M12;40;10;DT 52/15
ENM0171 - PROCESSOS DE FABRICACAO; 01;2022;2;WALTER GENNARI JUNIOR;60h;24M12;35;10;DT 25-15
ENM0171 - PROCESSOS DE FABRICACAO; 02;2022;2;WALTER GENNARI JUNIOR;60h;46N12;50;14;DT 52-15
ENM0172 - MATERIAIS INDUSTRIAIS; 01;2022;2;EDSON PAULO DA SILVA;90h;2M34 46M12;40;7;DT 52 - 15
ENM0173 - SISTEMAS MECANICOS; 01;2022;2;AIDA ALVES FADEL;60h;35T45;45;2;DT 25-15
ENM0174 - SISTEMAS ENERGETICOS; 01;2022;2;MARIO OLAVO MAGNO DE CARVALHO;60h;24N12;40;28;DT 43-15
ENM0178 - SISTEMAS RECONFIGURÁVEIS PARA AUTOMAÇÃO; 01;2022;2;JONES YUDI MORI ALVES DA SILVA;60h;24M34;20;9;SEG: Sala 4 LCC ULEG - FT/QUA: DT 43/15
ENM0183 - VIBRAÇÕES : APLICAÇÕES INDUSTRIAIS E TECNOLÓGICAS; 01;2022;2;ALBERTO CARLOS GUIMARAES CASTRO DINIZ;60h;24T45;20;3;BLOCO G GT 11/20
ENM0184 - AUTOMAÇÃO DE PROCESSOS; 01;2022;2;ALBERTO JOSE ALVARES;60h;24T45;20;5;GRACO LAB GAI
ENM0185 - FUNDAMENTOS DE CONVECÇÃO; 01;2022;2;JOSE LUIZ ALVES DA FONTOURA RODRIGUES;60h;35M12;45;1;DT 43-15
ENM0186 - PROJETO INTEGRADOR 2; 01;2022;2;DIANNE MAGALHAES VIANA;45h;6M345;45;2;a definir
ENM0190 - DESENHO MECÂNICO PARA ENGENHARIA; 01;2022;2;ADRIANO TODOROVIC FABRO;60h;46M12;50;46;Sala 02 LCCC ULEG - FT
ENM0190 - DESENHO MECÂNICO PARA ENGENHARIA; 02;2022;2;MAKSYM ZIBEROV;60h;6N1234;50;46;Sala 02 LCCC ULEG-FT
ENM0190 - DESENHO MECÂNICO PARA ENGENHARIA; 03;2022;2;WALTER DE BRITTO VIDAL FILHO;60h;5T2345;45;34;Sala 02 LCCC ULEG-FT
ENM0195 - MODELAGEM E IMPLEMENTAÇÃO DE SISTEMAS A EVENTOS DISCRETOS; 01;2022;2;CARLOS HUMBERTO LLANOS QUINTERO;30h;2M12 46M34;20;6;SEG: DT 43 - 15 QUA e SEX: DT 16 -15
ENM0195 - MODELAGEM E IMPLEMENTAÇÃO DE SISTEMAS A EVENTOS DISCRETOS; 01;2022;2;GUILHERME CARIBE DE CARVALHO;30h;2M12 46M34;20;6;SEG: DT 43 - 15 QUA e SEX: DT 16 -15
ENM0195 - MODELAGEM E IMPLEMENTAÇÃO DE SISTEMAS A EVENTOS DISCRETOS; 02;2022;2;GUILHERME CARIBE DE CARVALHO;30h;46M34 2T45;20;0;SEG: DT 16 - 15 QUA e SEX: DT 16 - 15
ENM0195 - MODELAGEM E IMPLEMENTAÇÃO DE SISTEMAS A EVENTOS DISCRETOS; 02;2022;2;CARLOS HUMBERTO LLANOS QUINTERO;30h;46M34 2T45;20;0;SEG: DT 16 - 15 QUA e SEX: DT 16 - 15
ENM0280 - DINÂMICA DOS FLUIDOS COMPUTACIONAL; 01;2022;2;ROBERTO FRANCISCO BOBENRIETH MISERDA;60h;35M34;30;4;SECRETARIA DT 77/15
ENM0284 - PROCESSOS ESPECIAIS DE SOLDAGEM; 01;2022;2;MAKSYM ZIBEROV;60h;35T23;25;3;SG9 - A1 49-18
MAT0010 - GEOMETRIA ANALÍTICA PARA MATEMÁTICA; 01;2022;2;TARCISIO CASTRO SILVA;60h;2N34 4N12;50;23;ICC ASS 432/10
MAT0010 - GEOMETRIA ANALÍTICA PARA MATEMÁTICA; 02;2022;2;CARLOS MABER CARRION RIVEROS;60h;35T45;48;30;ICC ASS 432/10
MAT0022 - MATEMATICA 1; 01;2022;2;ROGERIO CESAR DOS SANTOS;60h;3N1234;47;18;A1 48/22 UAC, FUP
MAT0022 - MATEMATICA 1; 02;2022;2;JOSE LUIS TERUEL CARRETERO;30h;24T45;65;32;ICC ANF.12
MAT0022 - MATEMATICA 1; 02;2022;2;KELLCIO OLIVEIRA ARAUJO;30h;24T45;65;32;ICC ANF.12
MAT0022 - MATEMATICA 1; 03;2022;2;ANTONIO MARCOS DUARTE DE FRANCA;30h;24T45;67;46;ICC ANF.14
MAT0022 - MATEMATICA 1; 03;2022;2;JOSE LUIS TERUEL CARRETERO;30h;24T45;67;46;ICC ANF.14
MAT0022 - MATEMATICA 1; 04;2022;2;HENRIQUE COSTA DOS REIS;60h;2N12 6N34;65;37;ICC ANF.12
MAT0022 - MATEMATICA 1; 05;2022;2;SEGUNDO MANUEL ARGOMEDO SALIRROSAS;30h;24T45;66;35;ICC ANF. 3
MAT0022 - MATEMATICA 1; 05;2022;2;JOSE LUIS TERUEL CARRETERO;30h;24T45;66;35;ICC ANF. 3
MAT0022 - MATEMATICA 1; 06;2022;2;SEGUNDO MANUEL ARGOMEDO SALIRROSAS;30h;35N34;65;28;ICC ANF. 5
MAT0022 - MATEMATICA 1; 06;2022;2;RUI SEIMETZ;30h;35N34;65;28;ICC ANF. 5
MAT0022 - MATEMATICA 1; 07;2022;2;DANIELA AMORIM AMATO;30h;35M12;65;56;ICC ANF.19
MAT0022 - MATEMATICA 1; 07;2022;2;JOSE LUIS TERUEL CARRETERO;30h;35M12;65;56;ICC ANF.19
MAT0022 - MATEMATICA 1; 08;2022;2;HENRIQUE COSTA DOS REIS;30h;24N12;65;51;ICC ANF. 3
MAT0022 - MATEMATICA 1; 08;2022;2;RUI SEIMETZ;30h;24N12;65;51;ICC ANF. 3
MAT0022 - MATEMATICA 1; 10;2022;2;HENRIQUE COSTA DOS REIS;30h;24N12;65;17;ICC ANF.14
MAT0022 - MATEMATICA 1; 10;2022;2;ANTONIO MARCOS DUARTE DE FRANCA;30h;24N12;65;17;ICC ANF.14
MAT0023 - MATEMATICA 2; 01;2022;2;JIAZHENG ZHOU;60h;46T23;65;6;ICC ASS 433/10
MAT0023 - MATEMATICA 2; 02;2022;2;GUY GREBOT;60h;35T23;65;13;ICC ANF.18
MAT0023 - MATEMATICA 2; 03;2022;2;ROGERIO CESAR DOS SANTOS;60h;35T23;40;20;A1 48/22 UAC, FUP
MAT0025 - CÁLCULO 1; 01;2022;2;WESCLEY WELL VICENTE BEZERRA;90h;5N1234 6N12;40;25;(QUI) A1 42/32 (SEX) A1 48/22 – UAC, FUP
MAT0025 - CÁLCULO 1; 02;2022;2;MARCELO FERNANDES FURTADO;30h;2N12 35N34;40;23;ICC ASS 432/10
MAT0025 - CÁLCULO 1; 02;2022;2;ALINE GOMES DA SILVA PINTO;60h;2N12 35N34;40;23;ICC ASS 432/10
MAT0025 - CÁLCULO 1; 03;2022;2;RICARDO RUVIARO;30h;246T23;40;27;ICC ASS 432/10
MAT0025 - CÁLCULO 1; 03;2022;2;LINEU DA COSTA ARAUJO NETO;60h;246T23;40;27;ICC ASS 432/10
MAT0025 - CÁLCULO 1; 04;2022;2;RUI SEIMETZ;60h;246T23;69;57;ICC ANF.18
MAT0025 - CÁLCULO 1; 04;2022;2;ADAIL DE CASTRO CAVALHEIRO;30h;246T23;69;57;ICC ANF.18
MAT0025 - CÁLCULO 1; 05;2022;2;ANTONIO LUIZ DE MELO;90h;2M1234 4M12;70;40;A1 42/32 UAC, FUP
MAT0025 - CÁLCULO 1; 06;2022;2;MARTINO GARONZI;30h;235M34;65;53;2M34(ICC ANF. 3) 35M34(ICC ANF.14)
MAT0025 - CÁLCULO 1; 06;2022;2;DANIELA AMORIM AMATO;60h;235M34;65;53;2M34(ICC ANF. 3) 35M34(ICC ANF.14)
MAT0025 - CÁLCULO 1; 07;2022;2;SEGUNDO MANUEL ARGOMEDO SALIRROSAS;60h;246N12;65;20;2N12(ICC ANF. 4) 46N12(ICC ANF.15)
MAT0025 - CÁLCULO 1; 07;2022;2;ADAIL DE CASTRO CAVALHEIRO;30h;246N12;65;20;2N12(ICC ANF. 4) 46N12(ICC ANF.15)
MAT0025 - CÁLCULO 1; 08;2022;2;ANTONIO MARCOS DUARTE DE FRANCA;60h;356M12;73;51;ICC ANF. 7
MAT0025 - CÁLCULO 1; 08;2022;2;DANIELA AMORIM AMATO;30h;356M12;73;51;ICC ANF. 7
MAT0025 - CÁLCULO 1; 09;2022;2;MARTINO GARONZI;30h;235M34;66;15;ICC ANF.18
MAT0025 - CÁLCULO 1; 09;2022;2;GUY GREBOT;60h;235M34;66;15;ICC ANF.18
MAT0025 - CÁLCULO 1; 10;2022;2;JOSE LUIS TERUEL CARRETERO;30h;234M34;65;53;34M34(ICC ANF. 3) 2M34(ICC ANF. 2)
MAT0025 - CÁLCULO 1; 10;2022;2;JANETE SOARES DE GAMBOA;60h;234M34;65;53;34M34(ICC ANF. 3) 2M34(ICC ANF. 2)
MAT0025 - CÁLCULO 1; 11;2022;2;HENRIQUE COSTA DOS REIS;60h;246N12;65;35;ICC ANF.16
MAT0025 - CÁLCULO 1; 11;2022;2;ADAIL DE CASTRO CAVALHEIRO;30h;246N12;65;35;ICC ANF.16
MAT0025 - CÁLCULO 1; 12;2022;2;LINEU DA COSTA ARAUJO NETO;30h;235M34;65;53;ICC ANF. 8
MAT0025 - CÁLCULO 1; 12;2022;2;MANUELA CAETANO MARTINS DE REZENDE;60h;235M34;65;53;ICC ANF. 8
MAT0025 - CÁLCULO 1; 13;2022;2;ADAIL DE CASTRO CAVALHEIRO;30h;2N12 35N34;65;17;ICC ANF.19
MAT0025 - CÁLCULO 1; 13;2022;2;HENRIQUE COSTA DOS REIS;60h;2N12 35N34;65;17;ICC ANF.19
MAT0025 - CÁLCULO 1; 14;2022;2;DANIELA AMORIM AMATO;30h;356M12;72;49;ICC ANF. 6
MAT0025 - CÁLCULO 1; 14;2022;2;MANUELA CAETANO MARTINS DE REZENDE;60h;356M12;72;49;ICC ANF. 6
MAT0025 - CÁLCULO 1; 15;2022;2;MARTINO GARONZI;30h;2N12 35N34;65;26;35N34(ICC ANF. 4) 2N12(ICC ANF.15)
MAT0025 - CÁLCULO 1; 15;2022;2;WILLIAN CINTRA DA SILVA;60h;2N12 35N34;65;26;35N34(ICC ANF. 4) 2N12(ICC ANF.15)
MAT0025 - CÁLCULO 1; 16;2022;2;DANIELA AMORIM AMATO;30h;246M12;65;57;46M12(ICC ANF.14) 2M12(ICC ANF. 4)
MAT0025 - CÁLCULO 1; 16;2022;2;ROBERTO OSCAR GANDULFO;60h;246M12;65;57;46M12(ICC ANF.14) 2M12(ICC ANF. 4)
MAT0025 - CÁLCULO 1; 17;2022;2;DANIELE DA SILVA BARATELA MARTINS NETO;60h;356M12;66;30;ICC ANF. 2
MAT0025 - CÁLCULO 1; 17;2022;2;JANETE SOARES DE GAMBOA;30h;356M12;66;30;ICC ANF. 2
MAT0025 - CÁLCULO 1; 18;2022;2;KELLCIO OLIVEIRA ARAUJO;60h;235M34;66;32;ICC ANF. 7
MAT0025 - CÁLCULO 1; 18;2022;2;LINEU DA COSTA ARAUJO NETO;30h;235M34;66;32;ICC ANF. 7
MAT0025 - CÁLCULO 1; 19;2022;2;WANG QIAOLING;60h;246T23;65;34;ICC ANF. 3
MAT0025 - CÁLCULO 1; 19;2022;2;RAQUEL CARNEIRO DORR;30h;246T23;65;34;ICC ANF. 3
MAT0025 - CÁLCULO 1; 20;2022;2;DANIELA AMORIM AMATO;30h;246M12;66;52;ICC ANF. 3
MAT0025 - CÁLCULO 1; 20;2022;2;JANETE SOARES DE GAMBOA;60h;246M12;66;52;ICC ANF. 3
MAT0025 - CÁLCULO 1; 21;2022;2;HENRIQUE COSTA DOS REIS;60h;246T23;65;46;ICC ANF. 8
MAT0025 - CÁLCULO 1; 21;2022;2;ADAIL DE CASTRO CAVALHEIRO;30h;246T23;65;46;ICC ANF. 8
MAT0025 - CÁLCULO 1; 22;2022;2;ANTONIO MARCOS DUARTE DE FRANCA;60h;2N12 35N34;65;42;ICC ANF. 7
MAT0025 - CÁLCULO 1; 22;2022;2;MARTINO GARONZI;30h;2N12 35N34;65;42;ICC ANF. 7
MAT0025 - CÁLCULO 1; 23;2022;2;DANIELA AMORIM AMATO;30h;246M12;70;31;ICC ANF.19
MAT0025 - CÁLCULO 1; 23;2022;2;SHEILA CAMPOS CHAGAS;60h;246M12;70;31;ICC ANF.19
MAT0026 - CÁLCULO 2; 01;2022;2;LUIS ROBERTO LUCINGER DE ALMEIDA;90h;3N34 56N12;70;44;ICC ANF. 6
MAT0026 - CÁLCULO 2; 02;2022;2;MAURO MORAES ALVES PATRAO;90h;2N12 35N34;70;54;ICC ANF. 2
MAT0026 - CÁLCULO 2; 03;2022;2;LUIS ROBERTO LUCINGER DE ALMEIDA;90h;356M12;70;65;3M12(BSA S A1 16/22) 56M12 (ICC ANF 2)
MAT0026 - CÁLCULO 2; 04;2022;2;SEGUNDO MANUEL ARGOMEDO SALIRROSAS;90h;246T23;83;81;ICC ANF.15
MAT0026 - CÁLCULO 2; 09;2022;2;LUCAS CONQUE SECO FERREIRA;90h;235M12;75;61;2M12(ICC ANF. 5) 35M12(ICC ANF.16)
MAT0026 - CÁLCULO 2; 10;2022;2;DANIELE DA SILVA BARATELA MARTINS NETO;90h;235M34;75;53;ICC ANF.15
MAT0026 - CÁLCULO 2; 11;2022;2;LUCAS CONQUE SECO FERREIRA;90h;235M34;65;43;ICC ANF.16
MAT0026 - CÁLCULO 2; 13;2022;2;JOAO CARLOS NASCIMENTO DE PADUA;90h;235M34;70;41;ICC ANF.19
MAT0026 - CÁLCULO 2; 14;2022;2;KELLCIO OLIVEIRA ARAUJO;90h;235M12;65;60;2M12(ICC ANF.14) 35M12(ICC ANF.15)
MAT0027 - CÁLCULO 3; 01;2022;2;LUIZ CLAUDIO PEREIRA;90h;2M1234 4M12;40;5;AT 48/22 UAC, FUP
MAT0027 - CÁLCULO 3; 02;2022;2;RADERSON RODRIGUES DA SILVA;90h;235M34;60;26;ICC ANF.12
MAT0027 - CÁLCULO 3; 03;2022;2;VICTOR PETROGRADSKIY;90h;356M12;60;40;ICC ANF. 8
MAT0027 - CÁLCULO 3; 04;2022;2;PAULO HENRIQUE PEREIRA DA COSTA;90h;235M34;50;47;2M34(ICC BT504) 3M34(ICC ASS439/11) 5M34(ANF 3)
MAT0027 - CÁLCULO 3; 05;2022;2;NILTON MOURA BARROSO NETO;90h;35N34 6N12;60;59;ICC ANF.14
MAT0027 - CÁLCULO 3; 06;2022;2;NILTON MOURA BARROSO NETO;90h;246T23;60;60;ICC ANF. 4
MAT0027 - CÁLCULO 3; 07;2022;2;RADERSON RODRIGUES DA SILVA;90h;356M12;60;31;ICC ANF.13
MAT0027 - CÁLCULO 3; 08;2022;2;CLAUS AKIRA MATSUSHIGUE;90h;246T23;60;12;ICC ANF.12
MAT0027 - CÁLCULO 3; 09;2022;2;LUIS HENRIQUE DE MIRANDA;90h;356M12;60;51;ICC ANF. 4
MAT0027 - CÁLCULO 3; 12;2022;2;ADAIL DE CASTRO CAVALHEIRO;90h;356M12;65;33;ICC ANF.18
MAT0028 - VARIAVEL COMPLEXA 1; 01;2022;2;ANDRE CALDAS DE SOUZA;90h;235T23;65;27;ICC ANF. 7
MAT0028 - VARIAVEL COMPLEXA 1; 02;2022;2;LEANDRO MARTINS CIOLETTI;90h;235T23;65;11;ICC ANF.14
MAT0028 - VARIAVEL COMPLEXA 1; 03;2022;2;ARY VASCONCELOS MEDINO;90h;2N12 35N34;60;21;ICC ANF.13
MAT0031 - INTRODUCAO A ALGEBRA LINEAR; 01;2022;2;ARY VASCONCELOS MEDINO;60h;35N12;70;59;ICC ANF.14
MAT0031 - INTRODUCAO A ALGEBRA LINEAR; 02;2022;2;ALEXEI KRASSILNIKOV;60h;35T45;70;60;ICC ANF.15
MAT0031 - INTRODUCAO A ALGEBRA LINEAR; 03;2022;2;JAQUELINE GODOY MESQUITA;60h;35T45;70;67;ICC ANF.16
MAT0031 - INTRODUCAO A ALGEBRA LINEAR; 04;2022;2;ALBERTO MASAYOSHI FARIA OHASHI;60h;24T45;70;50;2T45(ICC ANF. 8) 4T45(ICC ANF. 7)
MAT0031 - INTRODUCAO A ALGEBRA LINEAR; 05;2022;2;ALEXEI KRASSILNIKOV;60h;24T45;70;42;ICC ANF.15
MAT0031 - INTRODUCAO A ALGEBRA LINEAR; 06;2022;2;RICARDO PARREIRA DA SILVA;60h;35N12;70;37;ICC ANF.15
MAT0031 - INTRODUCAO A ALGEBRA LINEAR; 07;2022;2;PAVEL SHUMYATSKY;60h;24T45;70;66;ICC ANF.16
MAT0031 - INTRODUCAO A ALGEBRA LINEAR; 08;2022;2;WANG QIAOLING;60h;24T45;70;17;ICC ANF.19
MAT0031 - INTRODUCAO A ALGEBRA LINEAR; 13;2022;2;IRINA SVIRIDOVA;60h;46M34;70;61;ICC ANF.15
MAT0031 - INTRODUCAO A ALGEBRA LINEAR; 14;2022;2;PAVEL ZALESSKI;60h;24T45;70;66;ICC ANF. 2
MAT0031 - INTRODUCAO A ALGEBRA LINEAR; 15;2022;2;ANDRE CALDAS DE SOUZA;60h;35T45;70;31;ICC ANF.19
MAT0034 - ALGEBRA 1; 01;2022;2;NORAI ROMEU ROCCO;60h;35M12;51;44;PJC BT 060
MAT0034 - ALGEBRA 1; 02;2022;2;JOSE ANTONIO OLIVEIRA DE FREITAS;60h;36N12;40;30;PAT AT 093
MAT0034 - ALGEBRA 1; 03;2022;2;ALEX CARRAZEDO DANTAS;60h;36M12;42;34;ICC ASS 432/10
MAT0038 - TEORIA DOS NÚMEROS 1; 01;2022;2;THEO ALLAN DARN ZAPATA;60h;35N12;60;17;ICC ANF 19
MAT0038 - TEORIA DOS NÚMEROS 1; 02;2022;2;HEMAR TEIXEIRA GODINHO;60h;35M34;60;31;ICC ANF. 4
MAT0039 - ALGEBRA LINEAR; 01;2022;2;IRINA SVIRIDOVA;90h;235T45;68;33;ICC ANF. 7
MAT0045 - ANALISE 1; 01;2022;2;MA TO FU;60h;24M12;40;31;ICC B1 244
MAT0045 - ANALISE 1; 02;2022;2;RICARDO PARREIRA DA SILVA;60h;3N34 6N12;40;7;PAT AT 092
MAT0046 - ANALISE 2; 01;2022;2;LILIANE DE ALMEIDA MAIA;60h;35M34;40;26;ICC ASS 415/10
MAT0053 - CALCULO NUMERICO; 01;2022;2;CARLOS MABER CARRION RIVEROS;60h;35T23;70;68;ICC ANF.15
MAT0053 - CALCULO NUMERICO; 02;2022;2;ANTONIO MARCOS DUARTE DE FRANCA;60h;24M12;65;49;ICC ANF. 2
MAT0053 - CALCULO NUMERICO; 03;2022;2;FLAVIA FERREIRA RAMOS ZAPATA;60h;35T23;70;37;ICC ANF.19
MAT0053 - CALCULO NUMERICO; 04;2022;2;FLAVIA FERREIRA RAMOS ZAPATA;60h;35T45;65;37;ICC ANF.18
MAT0059 - METODOS MATEMÁTICOS DA FÍSICA 1; 01;2022;2;PEDRO ROITMAN;90h;246M34;60;23;ICC ANF. 4
MAT0066 - SEMINÁRIO DE TÓPICOS EM ANÁLISE; 01;2022;2;MA TO FU;60h;24T23;40;8;ICC BT 102
MAT0075 - CALCULO DE PROBABILIDADE 1; 01;2022;2;ANGEL RODOLFO BAIGORRI;90h;235M34;43;36;ICC ASS 433/10
MAT0075 - CALCULO DE PROBABILIDADE 1; 02;2022;2;ANGEL RODOLFO BAIGORRI;90h;26N12 4N34;40;17;ICC ASS 433/10
MAT0075 - CALCULO DE PROBABILIDADE 1; 03;2022;2;CATIA REGINA GONCALVES;90h;235M34;46;34;ICC ASS 432/10
MAT0076 - CALCULO DE PROBABILIDADE 2; 01;2022;2;EDUARDO ANTONIO DA SILVA;60h;24M34;50;45;4M34(ICC ANF.14) 2M34(ICC ASS 402/10)
MAT0080 - INTRODUCAO A TEORIA DOS GRAFOS; 01;2022;2;CLAUS AKIRA MATSUSHIGUE;60h;35T23;50;12;PAT AT 013
MAT0082 - ANALISE COMBINATORIA; 01;2022;2;RAIMUNDO DE ARAUJO BASTOS JUNIOR;60h;24N12;50;20;ICC ASS 421/10
MAT0087 - SEMINARIO TOPICOS ESPECIAIS; 01;2022;2;LUCIANA MARIA DIAS DE AVILA RODRIGUES;30h;2M34;30;21;ICC ASS 421/10
MAT0087 - SEMINARIO TOPICOS ESPECIAIS; 02;2022;2;MARCELO FERNANDES FURTADO;30h;5N12;30;17;ICC ASS 421/10
MAT0087 - SEMINARIO TOPICOS ESPECIAIS; 03;2022;2;DANIELE DA SILVA BARATELA MARTINS NETO;30h;4M5 4T1;20;7;Local à definir.
MAT0087 - SEMINARIO TOPICOS ESPECIAIS; 04;2022;2;LUCIANA MARIA DIAS DE AVILA RODRIGUES;30h;3M5 3T1;30;9;Local à definir
MAT0087 - SEMINARIO TOPICOS ESPECIAIS; 06;2022;2;PAULO HENRIQUE PEREIRA DA COSTA;30h;5M5 5T1;30;5;Local à definir
MAT0087 - SEMINARIO TOPICOS ESPECIAIS; 07;2022;2;LUCIANA MARIA DIAS DE AVILA RODRIGUES;30h;5T23;60;42;Local à definir
MAT0107 - ALGEBRA 3; 01;2022;2;SHEILA CAMPOS CHAGAS;60h;35M12;40;14;ICC AT - 079/8
MAT0111 - GEOMETRIA 1; 01;2022;2;JOSE LUIS TERUEL CARRETERO;60h;2N12 3N34;55;51;ICC ANF.18
MAT0114 - GEOMETRIA 2; 01;2022;2;PEDRO ROITMAN;60h;24M12;45;7;ICC ANF.12
MAT0122 - ÁLGEBRA PARA O ENSINO 1; 01;2022;2;CLEYTON HERCULES GONTIJO;90h;7M12 4N1234;33;32;ICC ASS 457/11
MAT0124 - REGÊNCIA 2; 01;2022;2;REGINA DA SILVA PINA NEVES;120h;7M2345 5N1234;16;16;ICC ASS 415/10
MAT0129 - GEOMETRIA PARA O ENSINO 1; 01;2022;2;RAQUEL CARNEIRO DORR;90h;7M34 3N1234;32;24;ICC ASS 457/11
MAT0131 - GEOMETRIA PARA O ENSINO 2; 01;2022;2;REGINA DA SILVA PINA NEVES;90h;26T45 4T23;32;17;ICC ASS 457/11
MAT0134 - ÁLGEBRA PARA O ENSINO 2; 01;2022;2;CLEYTON HERCULES GONTIJO;90h;2T23 3T2345;32;32;ICC ASS 457/11
MAT0136 - REGÊNCIA 1; 02;2022;2;IGOR DOS SANTOS LIMA;60h;67M1234;25;18;ICC ASS 421/10
MAT0136 - REGÊNCIA 1; 02;2022;2;RUI SEIMETZ;60h;67M1234;25;18;ICC ASS 421/10
MAT0137 - CÁLCULO 1 - SEMIPRESENCIAL; 01;2022;2;PAULO HENRIQUE PEREIRA DA COSTA;30h;246M5 246T1;35;25;ICC AT 158/19
MAT0137 - CÁLCULO 1 - SEMIPRESENCIAL; 02;2022;2;PAULO HENRIQUE PEREIRA DA COSTA;30h;7M1234 4N12;35;27;ICC BT 143
MAT0137 - CÁLCULO 1 - SEMIPRESENCIAL; 03;2022;2;JOSE ANTONIO OLIVEIRA DE FREITAS;30h;246M5 246T1;35;27;ICC BT 048
MAT0137 - CÁLCULO 1 - SEMIPRESENCIAL; 04;2022;2;JOSE ANTONIO OLIVEIRA DE FREITAS;30h;7M1234 4N12;35;30;ICC B1 244
MAT0137 - CÁLCULO 1 - SEMIPRESENCIAL; 05;2022;2;GUY GREBOT;30h;246M5 246T1;35;28;ICC BT 102
MAT0137 - CÁLCULO 1 - SEMIPRESENCIAL; 06;2022;2;GUY GREBOT;30h;7M1234 4N12;35;26;ICC AT 104
MAT0137 - CÁLCULO 1 - SEMIPRESENCIAL; 07;2022;2;ALINE GOMES DA SILVA PINTO;30h;246M5 246T1;35;25;ICC BT 143
MAT0137 - CÁLCULO 1 - SEMIPRESENCIAL; 09;2022;2;ALINE GOMES DA SILVA PINTO;30h;7M1234 4N12;35;23;ICC AT 085/8
